bike_name,price,km_driven,ownership,location
Activa 3G STD,"₹ 25,000",60000 km,First,Mumbai
Maestro Edge 110 Drum Brake Alloy Wheel FI,"₹ 34,000",28000 km,Third,Jaipur
XPulse 200 4V,"₹ 95,000",25000 km,Second,Mumbai
S1 X,"₹ 75,000",2250 km,First,Kolkata
Karizma R,"₹ 16,000",100000 km,First,Hyderabad
Avenger Cruise 220 BS6,"₹ 36,000",23008 km,First,Indore
Dio Repsol Edition,"₹ 15,000",90000 km,First,Kolkata
Dio BS4 Dio,"₹ 25,000",70000 km,First,Pune
Shine Celebration Edition Drum,"₹ 90,000",15000 km,First,Mumbai
Victor,"₹ 35,000",13000 km,First,Delhi
Drift,"₹ 30,000",25000 km,First,Kolkata
Pulsar 220 F,"₹ 1,30,000",5000 km,First,Mumbai
Activa 3G STD,"₹ 25,000",60000 km,First,Mumbai
Maestro Edge 110 Drum Brake Alloy Wheel FI,"₹ 34,000",28000 km,Third,Jaipur
XPulse 200 4V,"₹ 95,000",25000 km,Second,Mumbai
S1 X,"₹ 75,000",2250 km,First,Kolkata
Karizma R,"₹ 16,000",100000 km,First,Hyderabad
Avenger Cruise 220 BS6,"₹ 36,000",23008 km,First,Indore
Dio Repsol Edition,"₹ 15,000",90000 km,First,Kolkata
Dio BS4 Dio,"₹ 25,000",70000 km,First,Pune
Shine Celebration Edition Drum,"₹ 90,000",15000 km,First,Mumbai
Victor,"₹ 35,000",13000 km,First,Delhi
Drift,"₹ 30,000",25000 km,First,Kolkata
Pulsar 220 F,"₹ 1,30,000",5000 km,First,Mumbai
CB Unicorn 150 Disc,"₹ 70,000",33000 km,First,Nagpur
Ray Z Precious Edition,"₹ 25,000",15000 km,Second,Mumbai
Pulsar N250,"₹ 75,000",20000 km,Second,Mysore
Pulsar 135LS STD,"₹ 17,000",70000 km,First,Agra
Pulsar N160,"₹ 1,15,000",10000 km,First,Kolkata
CD 110 Dream DLX New,"₹ 60,000",2999 km,First,Chandernagore
Apache RTR 160 4V Front And Rear Disc,"₹ 70,000",60000 km,Third,Delhi
NTORQ 125 XT,"₹ 60,000",40000 km,First,Kolkata
Activa 125 Premium Edition Drum,"₹ 60,000",5000 km,First,Kolkata
Maestro 110cc,"₹ 27,999",50000 km,Second,Bhuj
RC 390 (2014-2016) STD,"₹ 80,000",60000 km,First,Pune
Ronin Triple Tone – Dual Channel – Galactic Grey,"₹ 90,000",5000 km,First,Pune
CB Unicorn 150 Disc,"₹ 70,000",33000 km,First,Nagpur
Ray Z Precious Edition,"₹ 25,000",15000 km,Second,Mumbai
Pulsar N250,"₹ 75,000",20000 km,Second,Mysore
Pulsar 135LS STD,"₹ 17,000",70000 km,First,Agra
Pulsar N160,"₹ 1,15,000",10000 km,First,Kolkata
CD 110 Dream DLX New,"₹ 60,000",2999 km,First,Chandernagore
Apache RTR 160 4V Front And Rear Disc,"₹ 70,000",60000 km,Third,Delhi
NTORQ 125 XT,"₹ 60,000",40000 km,First,Kolkata
Activa 125 Premium Edition Drum,"₹ 60,000",5000 km,First,Kolkata
Maestro 110cc,"₹ 27,999",50000 km,Second,Bhuj
RC 390 (2014-2016) STD,"₹ 80,000",60000 km,First,Pune
Ronin Triple Tone – Dual Channel – Galactic Grey,"₹ 90,000",5000 km,First,Pune
Maestro 110cc,"₹ 25,000",30000 km,First,Indore
Activa 3G STD,"₹ 26,500",25000 km,First,Barrackpore
Discover 125 125,"₹ 21,000",40000 km,First,Pune
Avenger Street 160,"₹ 1,05,000",6321 km,First,Mumbai
Pulsar N160,"₹ 90,000",39000 km,First,Mumbai
FZS-FI V4,"₹ 1,05,000",25000 km,First,Gurgaon
Jupiter 125 Drum Alloy,"₹ 65,000",10000 km,First,Hyderabad
Apache RR 310 ABS,"₹ 2,20,000",10000 km,First,Noida
SR125,"₹ 9,00,000",10000 km,First,Ajmer
Access 125 Disc Brake CBS Special Edition,"₹ 45,000",30000 km,Second,Delhi
Bullet 350 ES ABS BS4,"₹ 1,20,000",40000 km,First,Pune
Scooty Pep Plus Matte Series BS6,"₹ 50,000",5000 km,First,Pune
Maestro 110cc,"₹ 25,000",30000 km,First,Indore
Activa 3G STD,"₹ 26,500",25000 km,First,Barrackpore
Discover 125 125,"₹ 21,000",40000 km,First,Pune
Avenger Street 160,"₹ 1,05,000",6321 km,First,Mumbai
Pulsar N160,"₹ 90,000",39000 km,First,Mumbai
FZS-FI V4,"₹ 1,05,000",25000 km,First,Gurgaon
Jupiter 125 Drum Alloy,"₹ 65,000",10000 km,First,Hyderabad
Apache RR 310 ABS,"₹ 2,20,000",10000 km,First,Noida
SR125,"₹ 9,00,000",10000 km,First,Ajmer
Access 125 Disc Brake CBS Special Edition,"₹ 45,000",30000 km,Second,Delhi
Bullet 350 ES ABS BS4,"₹ 1,20,000",40000 km,First,Pune
Scooty Pep Plus Matte Series BS6,"₹ 50,000",5000 km,First,Pune
Pulsar NS160 STD,"₹ 77,999",24700 km,First,Pune
Glamour Xtec,"₹ 75,000",22850 km,First,Ahmedabad
FZ-X Bluetooth,"₹ 1,45,000",20000 km,First,Hyderabad
Pulsar N160,"₹ 1,05,000",20000 km,First,Noida
RayZR 125 Fi Hybrid,"₹ 70,000",10000 km,First,Bangalore
Shine Celebration Edition Disc,"₹ 85,000",15000 km,First,Murshidabad
Apache RTR 180 2013,"₹ 45,000",35000 km,First,Bangalore
Pulsar 125 Carbon Fiber Split Seat,"₹ 85,000",10000 km,First,Bangalore
G 310 R,"₹ 1,30,000",50000 km,First,Gurgaon
Apache RTR 160 4V Front And Rear Disc With SmartXonnect,"₹ 98,000",20000 km,First,Chennai
Classic 350 Dark Series With Dual-Channel,"₹ 1,80,000",9000 km,First,Agra
Apache RTR 180,"₹ 32,000",80000 km,Second,Lunglei
Pulsar NS160 STD,"₹ 77,999",24700 km,First,Pune
Glamour Xtec,"₹ 75,000",22850 km,First,Ahmedabad
FZ-X Bluetooth,"₹ 1,45,000",20000 km,First,Hyderabad
Pulsar N160,"₹ 1,05,000",20000 km,First,Noida
RayZR 125 Fi Hybrid,"₹ 70,000",10000 km,First,Bangalore
Shine Celebration Edition Disc,"₹ 85,000",15000 km,First,Murshidabad
Apache RTR 180 2013,"₹ 45,000",35000 km,First,Bangalore
Pulsar 125 Carbon Fiber Split Seat,"₹ 85,000",10000 km,First,Bangalore
G 310 R,"₹ 1,30,000",50000 km,First,Gurgaon
Apache RTR 160 4V Front And Rear Disc With SmartXonnect,"₹ 98,000",20000 km,First,Chennai
Classic 350 Dark Series With Dual-Channel,"₹ 1,80,000",9000 km,First,Agra
Apache RTR 180,"₹ 32,000",80000 km,Second,Lunglei
Epluto 7G,"₹ 20,000",15000 km,First,Hyderabad
Ninja 300,"₹ 3,00,000",10000 km,First,Bangalore
Pulsar RS200 BS4 ABS,"₹ 75,000",50000 km,First,Chandigarh
Gixxer (2014-2018) SP,"₹ 40,000",25000 km,First,Pune
Jupiter Grande Edition bs4,"₹ 35,000",35000 km,First,Delhi
2012 Honda Activa,"₹ 27,000",35000 km,First,Mumbai
2021 Bajaj Pulsar NS200 ABS,"₹ 90,000",5000 km,First,Kolkata
2024 Yamaha R15 V4 Racing Blue,"₹ 1,70,000",8000 km,First,Rajkot
2023 Suzuki Access 125 Disc Brake CBS Special Edition,"₹ 65,000",35000 km,First,Jaipur
2025 Yamaha RayZR 125 Fi Hybrid,"₹ 10,500",3700 km,First,Ranchi
2019 Jawa Dual Channel – Maroon,"₹ 90,000",90000 km,First,Mumbai
2019 Honda Dio Sports DLX,"₹ 43,000",20000 km,First,Chennai
Epluto 7G,"₹ 20,000",15000 km,First,Hyderabad
Ninja 300,"₹ 3,00,000",10000 km,First,Bangalore
Pulsar RS200 BS4 ABS,"₹ 75,000",50000 km,First,Chandigarh
Gixxer (2014-2018) SP,"₹ 40,000",25000 km,First,Pune
Jupiter Grande Edition bs4,"₹ 35,000",35000 km,First,Delhi
2012 Honda Activa,"₹ 27,000",35000 km,First,Mumbai
2021 Bajaj Pulsar NS200 ABS,"₹ 90,000",5000 km,First,Kolkata
2024 Yamaha R15 V4 Racing Blue,"₹ 1,70,000",8000 km,First,Rajkot
2023 Suzuki Access 125 Disc Brake CBS Special Edition,"₹ 65,000",35000 km,First,Jaipur
2025 Yamaha RayZR 125 Fi Hybrid,"₹ 10,500",3700 km,First,Ranchi
2019 Jawa Dual Channel – Maroon,"₹ 90,000",90000 km,First,Mumbai
2019 Honda Dio Sports DLX,"₹ 43,000",20000 km,First,Chennai
2017 Benelli TNT 25 Standard,"₹ 80,000",35000 km,Above,Mysore
2025 TVS Ronin Triple Tone – Dual Channel – Galactic Grey,"₹ 1,90,000",143 km,First,Kolkata
2021 Benelli Imperiale 400 Silver,"₹ 1,40,000",20000 km,First,Bangalore
2021 Royal Enfield Bullet 350 X Kick Start,"₹ 1,40,000",11350 km,First,Guwahati
2025 Harley-Davidson X440,"₹ 2,75,000",3000 km,First,Noida
2014 Yamaha FZ 150 150,"₹ 40,000",35554 km,Second,Bangalore
2015 Yamaha YZF R15 Version 2.0,"₹ 20,000",40000 km,First,Delhi
2020 Ampere Electric Reo,"₹ 35,000",5000 km,First,Dehradun
2012 Bajaj CT100 Spoke BS4,"₹ 10,203",60000 km,Second,Pune
2022 TVS Apache RTR 160 4V Special Edition,"₹ 65,000",25000 km,First,Bangalore
2021 Royal Enfield Bullet 350 X Kick Start,"₹ 1,40,000",11350 km,First,Guwahati
2019 Yamaha FZ-FI Version 3.0,"₹ 68,000",40000 km,Second,Mangaluru
2017 Benelli TNT 25 Standard,"₹ 80,000",35000 km,Above,Mysore
2025 TVS Ronin Triple Tone – Dual Channel – Galactic Grey,"₹ 1,90,000",143 km,First,Kolkata
2021 Benelli Imperiale 400 Silver,"₹ 1,40,000",20000 km,First,Bangalore
2021 Royal Enfield Bullet 350 X Kick Start,"₹ 1,40,000",11350 km,First,Guwahati
2025 Harley-Davidson X440,"₹ 2,75,000",3000 km,First,Noida
2014 Yamaha FZ 150 150,"₹ 40,000",35554 km,Second,Bangalore
2015 Yamaha YZF R15 Version 2.0,"₹ 20,000",40000 km,First,Delhi
2020 Ampere Electric Reo,"₹ 35,000",5000 km,First,Dehradun
2012 Bajaj CT100 Spoke BS4,"₹ 10,203",60000 km,Second,Pune
2022 TVS Apache RTR 160 4V Special Edition,"₹ 65,000",25000 km,First,Bangalore
2021 Royal Enfield Bullet 350 X Kick Start,"₹ 1,40,000",11350 km,First,Guwahati
2019 Yamaha FZ-FI Version 3.0,"₹ 68,000",40000 km,Second,Mangaluru
2018 Bajaj Pulsar NS160 STD,"₹ 75,000",20000 km,First,Agra
2022 TVS Sport Kick Start Alloy Wheel,"₹ 35,000",10000 km,First,Jaipur
2018 TVS Apache RTR 200 4V Standard BS4,"₹ 40,000",70000 km,First,Delhi
2024 Triumph Speed 400,"₹ 2,30,000",8100 km,First,Hyderabad
2019 Honda Livo BS4,"₹ 45,000",20000 km,Second,Ghaziabad
2017 Honda CB Shine BS4 Disc Brake,"₹ 35,000",50000 km,First,Meerut
2023 Hero HF Deluxe Kick Start Drum Alloy Wheel,"₹ 70,000",12000 km,First,Tinsukia
2020 TVS Apache RTR 160 Disc,"₹ 85,000",20000 km,First,Dhanbad
2020 Bajaj Pulsar RS200 ABS,"₹ 1,00,000",60000 km,First,Vijayawada
2022 Yamaha Fascino 125 Fi Hybrid,"₹ 40,000",50000 km,First,Delhi
2024 KTM 250 Duke STD,"₹ 1,65,000",6500 km,First,Muzaffarpur
2024 Royal Enfield Hunter 350 Metro Rebel,"₹ 2,10,000",10000 km,First,Bangalore
2018 Bajaj Pulsar NS160 STD,"₹ 75,000",20000 km,First,Agra
2022 TVS Sport Kick Start Alloy Wheel,"₹ 35,000",10000 km,First,Jaipur
2018 TVS Apache RTR 200 4V Standard BS4,"₹ 40,000",70000 km,First,Delhi
2024 Triumph Speed 400,"₹ 2,30,000",8100 km,First,Hyderabad
2019 Honda Livo BS4,"₹ 45,000",20000 km,Second,Ghaziabad
2017 Honda CB Shine BS4 Disc Brake,"₹ 35,000",50000 km,First,Meerut
2023 Hero HF Deluxe Kick Start Drum Alloy Wheel,"₹ 70,000",12000 km,First,Tinsukia
2020 TVS Apache RTR 160 Disc,"₹ 85,000",20000 km,First,Dhanbad
2020 Bajaj Pulsar RS200 ABS,"₹ 1,00,000",60000 km,First,Vijayawada
2022 Yamaha Fascino 125 Fi Hybrid,"₹ 40,000",50000 km,First,Delhi
2024 KTM 250 Duke STD,"₹ 1,65,000",6500 km,First,Muzaffarpur
2024 Royal Enfield Hunter 350 Metro Rebel,"₹ 2,10,000",10000 km,First,Bangalore
2016 Royal Enfield Classic 350 Signals Series With Dual-Channel,"₹ 99,000",35000 km,Second,Noida
2022 Yamaha FZS 25,"₹ 1,20,000",10000 km,First,Bangalore
2017 Hero Achiever Drum,"₹ 42,000",31471 km,First,Dehra Dun
2021 Hero Passion Pro i3s Drum Alloy,"₹ 45,000",40000 km,First,Hyderabad
2020 Yamaha YZF R15 V3 Moto GP Edition STD,"₹ 1,35,000",30000 km,Second,Bangalore
2023 Hero Glamour Xtec,"₹ 80,000",6200 km,First,Patna
2019 Yamaha FZ-FI Version 3.0,"₹ 70,000",40000 km,First,Pune
2017 Suzuki Gixxer,"₹ 55,000",60000 km,First,Pune
2022 Yamaha FZ-S Fi Version 3.0 BS4,"₹ 85,000",24000 km,First,Indore
2022 Yamaha MT 15 V2,"₹ 1,60,000",30000 km,First,Bangalore
2021 Yamaha FZS-FI V3 STD Bluetooth,"₹ 75,000",5000 km,First,Indore
2023 Bajaj Avenger Street 160,"₹ 90,000",21500 km,First,Delhi
2016 Royal Enfield Classic 350 Signals Series With Dual-Channel,"₹ 99,000",35000 km,Second,Noida
2022 Yamaha FZS 25,"₹ 1,20,000",10000 km,First,Bangalore
2017 Hero Achiever Drum,"₹ 42,000",31471 km,First,Dehra Dun
2021 Hero Passion Pro i3s Drum Alloy,"₹ 45,000",40000 km,First,Hyderabad
2020 Yamaha YZF R15 V3 Moto GP Edition STD,"₹ 1,35,000",30000 km,Second,Bangalore
2023 Hero Glamour Xtec,"₹ 80,000",6200 km,First,Patna
2019 Yamaha FZ-FI Version 3.0,"₹ 70,000",40000 km,First,Pune
2017 Suzuki Gixxer,"₹ 55,000",60000 km,First,Pune
2022 Yamaha FZ-S Fi Version 3.0 BS4,"₹ 85,000",24000 km,First,Indore
2022 Yamaha MT 15 V2,"₹ 1,60,000",30000 km,First,Bangalore
2021 Yamaha FZS-FI V3 STD Bluetooth,"₹ 75,000",5000 km,First,Indore
2023 Bajaj Avenger Street 160,"₹ 90,000",21500 km,First,Delhi
2022 Hero Passion Pro i3s Disc Alloy,"₹ 55,000",30000 km,First,Bangalore
2017 Bajaj Pulsar NS160 STD,"₹ 40,000",27500 km,Third,Delhi
2017 Bajaj Pulsar NS200 STD BS4,"₹ 55,000",66850 km,First,Hyderabad
2017 Bajaj Dominar 400 (2016-2018) ABS,"₹ 1,10,000",35000 km,First,Jodhpur
2017 Royal Enfield Classic 350 Redditch Series With Single-Channel,"₹ 1,45,000",50000 km,First,Bangalore
2012 Honda Activa,"₹ 20,000",29500 km,First,Jaipur
2022 Suzuki Avenis Ride Connect Edition,"₹ 60,000",25000 km,Second,Mumbai
2018 Honda CB Unicorn 150 Disc,"₹ 55,000",40000 km,First,Chennai
2023 Yezdi Adventure Mambo Black,"₹ 1,75,000",10000 km,Second,Delhi
2023 Royal Enfield Hunter 350 Metro Rebel,"₹ 1,70,000",25000 km,First,Karimnagar
2023 TVS iQube Electric S,"₹ 1,05,000",18250 km,First,Kolkata
2024 Yamaha FZS-FI V4,"₹ 1,00,000",10000 km,First,Mumbai
2022 Hero Passion Pro i3s Disc Alloy,"₹ 55,000",30000 km,First,Bangalore
2017 Bajaj Pulsar NS160 STD,"₹ 40,000",27500 km,Third,Delhi
2017 Bajaj Pulsar NS200 STD BS4,"₹ 55,000",66850 km,First,Hyderabad
2017 Bajaj Dominar 400 (2016-2018) ABS,"₹ 1,10,000",35000 km,First,Jodhpur
2017 Royal Enfield Classic 350 Redditch Series With Single-Channel,"₹ 1,45,000",50000 km,First,Bangalore
2012 Honda Activa,"₹ 20,000",29500 km,First,Jaipur
2022 Suzuki Avenis Ride Connect Edition,"₹ 60,000",25000 km,Second,Mumbai
2018 Honda CB Unicorn 150 Disc,"₹ 55,000",40000 km,First,Chennai
2023 Yezdi Adventure Mambo Black,"₹ 1,75,000",10000 km,Second,Delhi
2023 Royal Enfield Hunter 350 Metro Rebel,"₹ 1,70,000",25000 km,First,Karimnagar
2023 TVS iQube Electric S,"₹ 1,05,000",18250 km,First,Kolkata
2024 Yamaha FZS-FI V4,"₹ 1,00,000",10000 km,First,Mumbai
2012 TVS Apache RTR 160 Disc,"₹ 18,000",110000 km,First,Chennai
2023 Royal Enfield Hunter 350 Metro Rebel,"₹ 1,39,999",5000 km,First,Kanpur
2022 Jawa 42 Bobber Jasper Red,"₹ 1,70,000",8700 km,First,Saharanpur
2025 Keeway SR125,"₹ 1,35,000",331 km,First,Ahmedabad
2023 KTM 250 Duke STD,"₹ 2,00,000",20000 km,First,Mumbai
2024 Honda Shine 100,"₹ 70,000",2140 km,First,Titagarh
2023 Yamaha R15 V4 M,"₹ 1,30,000",6000 km,Third,Delhi
2022 Yamaha R15 V4 M,"₹ 1,61,000",15000 km,First,Kolkata
2015 Hero Maestro 110cc,"₹ 42,000",35000 km,First,Lucknow
2023 Yamaha R15 V4 M,"₹ 1,30,000",5000 km,Third,Delhi
2019 Bajaj Pulsar 150 Twin Disc ABS,"₹ 66,000",50000 km,First,Indore
2024 Honda Hornet 2.0,"₹ 1,50,000",10000 km,First,Ahmedabad
2012 TVS Apache RTR 160 Disc,"₹ 18,000",110000 km,First,Chennai
2023 Royal Enfield Hunter 350 Metro Rebel,"₹ 1,39,999",5000 km,First,Kanpur
2022 Jawa 42 Bobber Jasper Red,"₹ 1,70,000",8700 km,First,Saharanpur
2025 Keeway SR125,"₹ 1,35,000",331 km,First,Ahmedabad
2023 KTM 250 Duke STD,"₹ 2,00,000",20000 km,First,Mumbai
2024 Honda Shine 100,"₹ 70,000",2140 km,First,Titagarh
2023 Yamaha R15 V4 M,"₹ 1,30,000",6000 km,Third,Delhi
2022 Yamaha R15 V4 M,"₹ 1,61,000",15000 km,First,Kolkata
2015 Hero Maestro 110cc,"₹ 42,000",35000 km,First,Lucknow
2023 Yamaha R15 V4 M,"₹ 1,30,000",5000 km,Third,Delhi
2019 Bajaj Pulsar 150 Twin Disc ABS,"₹ 66,000",50000 km,First,Indore
2024 Honda Hornet 2.0,"₹ 1,50,000",10000 km,First,Ahmedabad
2023 Bajaj Pulsar N160,"₹ 1,18,000",20000 km,First,Kolkata
2023 Yezdi Roadster,"₹ 1,65,000",10000 km,First,Delhi
2019 Royal Enfield Thunderbird 350 ABS,"₹ 1,10,000",40000 km,Second,Noida
2022 Hero Electric Optima CX Dual Battery,"₹ 80,000",5000 km,First,Kolkata
2015 Mahindra Gusto DX,"₹ 17,000",35000 km,First,Mumbai
2014 Honda CB Trigger DLX,"₹ 45,000",30000 km,First,Mumbai
2023 Honda SP 125,"₹ 85,000",5000 km,First,Noida
2021 Royal Enfield Interceptor 650 Ravishing Red,"₹ 2,40,000",10000 km,First,Bangalore
2022 Royal Enfield Bullet 350 X Electric Start,"₹ 1,75,000",15000 km,First,Bangalore
2017 Honda CB Hornet 160R BS4 Special Edition CBS,"₹ 60,000",33000 km,First,Pune
2021 KTM 200 Duke STD 2018 – 2020,"₹ 1,60,000",30000 km,First,Bangalore
2021 Suzuki Gixxer SF 250 Moto GP BS6,"₹ 1,25,000",25000 km,Second,Bangalore
2023 Bajaj Pulsar N160,"₹ 1,18,000",20000 km,First,Kolkata
2023 Yezdi Roadster,"₹ 1,65,000",10000 km,First,Delhi
2019 Royal Enfield Thunderbird 350 ABS,"₹ 1,10,000",40000 km,Second,Noida
2022 Hero Electric Optima CX Dual Battery,"₹ 80,000",5000 km,First,Kolkata
2015 Mahindra Gusto DX,"₹ 17,000",35000 km,First,Mumbai
2014 Honda CB Trigger DLX,"₹ 45,000",30000 km,First,Mumbai
2023 Honda SP 125,"₹ 85,000",5000 km,First,Noida
2021 Royal Enfield Interceptor 650 Ravishing Red,"₹ 2,40,000",10000 km,First,Bangalore
2022 Royal Enfield Bullet 350 X Electric Start,"₹ 1,75,000",15000 km,First,Bangalore
2017 Honda CB Hornet 160R BS4 Special Edition CBS,"₹ 60,000",33000 km,First,Pune
2021 KTM 200 Duke STD 2018 – 2020,"₹ 1,60,000",30000 km,First,Bangalore
2021 Suzuki Gixxer SF 250 Moto GP BS6,"₹ 1,25,000",25000 km,Second,Bangalore
2021 Suzuki Burgman Street EX,"₹ 65,000",25000 km,First,Purnia
2022 Yamaha R15 V4 Racing Blue,"₹ 1,50,000",30000 km,First,Delhi
2017 Honda Activa 4G STD,"₹ 50,000",5000 km,First,Kolkata
2021 TVS Jupiter 125 Drum Alloy,"₹ 50,000",25000 km,First,Ahmedabad
2021 KTM 250 Duke STD,"₹ 1,60,000",90000 km,Second,Delhi
2021 Honda Activa 125 Premium Edition Disc,"₹ 57,000",20000 km,First,Noida
2022 Bajaj Avenger Street 160,"₹ 90,000",10000 km,First,Mumbai
2017 Bajaj Pulsar NS160 STD,"₹ 48,000",70000 km,First,Delhi
2024 TVS NTORQ 125 Race Edition,"₹ 1,02,000",5000 km,First,Srinagar
2016 Hero Splendor PRO Self Spoke,"₹ 30,000",30000 km,Second,Faridabad
2024 Yamaha MT 15 V2,"₹ 1,95,000",3500 km,First,Chennai
2019 Royal Enfield Interceptor 650 Silver Spectre,"₹ 2,00,000",20000 km,First,Delhi
2021 Suzuki Burgman Street EX,"₹ 65,000",25000 km,First,Purnia
2022 Yamaha R15 V4 Racing Blue,"₹ 1,50,000",30000 km,First,Delhi
2017 Honda Activa 4G STD,"₹ 50,000",5000 km,First,Kolkata
2021 TVS Jupiter 125 Drum Alloy,"₹ 50,000",25000 km,First,Ahmedabad
2021 KTM 250 Duke STD,"₹ 1,60,000",90000 km,Second,Delhi
2021 Honda Activa 125 Premium Edition Disc,"₹ 57,000",20000 km,First,Noida
2022 Bajaj Avenger Street 160,"₹ 90,000",10000 km,First,Mumbai
2017 Bajaj Pulsar NS160 STD,"₹ 48,000",70000 km,First,Delhi
2024 TVS NTORQ 125 Race Edition,"₹ 1,02,000",5000 km,First,Srinagar
2016 Hero Splendor PRO Self Spoke,"₹ 30,000",30000 km,Second,Faridabad
2024 Yamaha MT 15 V2,"₹ 1,95,000",3500 km,First,Chennai
2019 Royal Enfield Interceptor 650 Silver Spectre,"₹ 2,00,000",20000 km,First,Delhi
2023 Triumph Speed 400,"₹ 2,00,000",11800 km,First,Gurgaon
2018 Bajaj Pulsar NS160 STD,"₹ 60,000",35000 km,First,Delhi
2020 Vespa SXL 125 BS6,"₹ 60,000",50000 km,First,Pune
2014 Royal Enfield Bullet 350 ES ABS BS4,"₹ 1,10,000",120000 km,Above,Hubballi-Dharwad
2012 Yamaha FZ S FI (V 2.0) Dual Disc,"₹ 40,000",80000 km,First,Hyderabad
2017 Yamaha Ray Z STD,"₹ 38,000",30000 km,First,Hyderabad
2019 Honda Activa 4G STD,"₹ 45,000",40000 km,First,Hyderabad
2022 Yamaha FZ 25,"₹ 1,20,000",10000 km,Second,Chennai
2018 Royal Enfield Thunderbird 350 ABS,"₹ 1,40,000",20000 km,First,Agra
2021 Honda Dio Sports DLX,"₹ 58,000",60000 km,First,Hyderabad
2013 Honda Dream Yuga 110,"₹ 20,000",30000 km,First,Delhi
2019 TVS NTORQ 125 Disc BS4,"₹ 46,000",1010 km,First,Gurgaon
2023 Triumph Speed 400,"₹ 2,00,000",11800 km,First,Gurgaon
2018 Bajaj Pulsar NS160 STD,"₹ 60,000",35000 km,First,Delhi
2020 Vespa SXL 125 BS6,"₹ 60,000",50000 km,First,Pune
2014 Royal Enfield Bullet 350 ES ABS BS4,"₹ 1,10,000",120000 km,Above,Hubballi-Dharwad
2012 Yamaha FZ S FI (V 2.0) Dual Disc,"₹ 40,000",80000 km,First,Hyderabad
2017 Yamaha Ray Z STD,"₹ 38,000",30000 km,First,Hyderabad
2019 Honda Activa 4G STD,"₹ 45,000",40000 km,First,Hyderabad
2022 Yamaha FZ 25,"₹ 1,20,000",10000 km,Second,Chennai
2018 Royal Enfield Thunderbird 350 ABS,"₹ 1,40,000",20000 km,First,Agra
2021 Honda Dio Sports DLX,"₹ 58,000",60000 km,First,Hyderabad
2013 Honda Dream Yuga 110,"₹ 20,000",30000 km,First,Delhi
2019 TVS NTORQ 125 Disc BS4,"₹ 46,000",1010 km,First,Gurgaon
2023 Bajaj Pulsar 220 F,"₹ 1,15,000",35000 km,First,Hyderabad
2015 Triumph Tiger 1200 GT Explorer,"₹ 1,00,000",30000 km,Second,Bangalore
2021 Aprilia SXR 160,"₹ 75,000",7000 km,Second,Mumbai
2015 Bajaj Pulsar 150 Single Disc BS6,"₹ 60,000",50000 km,First,Prayagraj
2012 Hero Maestro 110cc,"₹ 12,000",70000 km,First,Chennai
2021 Honda Activa 5G Activa,"₹ 25,000",10000 km,First,Mumbai
2016 Yamaha FZ-S (V 2.0) STD,"₹ 45,000",40000 km,First,Solapur
2018 Yamaha R15S Dark Knight,"₹ 66,000",30000 km,First,Patna
2012 Honda Activa,"₹ 30,000",40000 km,First,Raichur
2022 Yezdi Roadster,"₹ 2,00,000",5000 km,First,Pune
2022 Yamaha MT 15 V2,"₹ 1,50,000",5000 km,First,Delhi
2018 Bajaj Platina 100 Electric Start CBS,"₹ 39,000",30000 km,First,Chennai
2023 Bajaj Pulsar 220 F,"₹ 1,15,000",35000 km,First,Hyderabad
2015 Triumph Tiger 1200 GT Explorer,"₹ 1,00,000",30000 km,Second,Bangalore
2021 Aprilia SXR 160,"₹ 75,000",7000 km,Second,Mumbai
2015 Bajaj Pulsar 150 Single Disc BS6,"₹ 60,000",50000 km,First,Prayagraj
2012 Hero Maestro 110cc,"₹ 12,000",70000 km,First,Chennai
2021 Honda Activa 5G Activa,"₹ 25,000",10000 km,First,Mumbai
2016 Yamaha FZ-S (V 2.0) STD,"₹ 45,000",40000 km,First,Solapur
2018 Yamaha R15S Dark Knight,"₹ 66,000",30000 km,First,Patna
2012 Honda Activa,"₹ 30,000",40000 km,First,Raichur
2022 Yezdi Roadster,"₹ 2,00,000",5000 km,First,Pune
2022 Yamaha MT 15 V2,"₹ 1,50,000",5000 km,First,Delhi
2018 Bajaj Platina 100 Electric Start CBS,"₹ 39,000",30000 km,First,Chennai
2014 Yamaha FZS 25,"₹ 25,000",20000 km,Second,Delhi
2022 PURE EV Epluto 7G,"₹ 60,000",10000 km,First,Mumbai
2020 Royal Enfield Classic 350 Dark Series With Dual-Channel,"₹ 1,70,000",30000 km,Third,Ghaziabad
2021 Honda CB350RS Mono Tone,"₹ 1,80,000",5000 km,First,Chennai
2022 KTM 390 Adventure,"₹ 2,80,000",20000 km,Second,Hyderabad
2023 Kawasaki Ninja 300,"₹ 3,65,000",1125 km,First,Mumbai
2021 Jawa Perak,"₹ 1,50,000",10000 km,First,Guwahati
2018 TVS Apache RTR 160 4V Drum (2019),"₹ 75,000",12500 km,First,Silchar
2021 Bajaj Avenger Street 160,"₹ 72,000",28000 km,First,Kolkata
2024 Bajaj Pulsar NS200 ABS,"₹ 1,70,000",5000 km,First,Delhi
2022 Hero Splendor Plus XTEC,"₹ 55,000",26758 km,First,Ghaziabad
2024 TVS NTORQ 125 Race Edition,"₹ 1,00,000",5000 km,First,Delhi
2014 Yamaha FZS 25,"₹ 25,000",20000 km,Second,Delhi
2022 PURE EV Epluto 7G,"₹ 60,000",10000 km,First,Mumbai
2020 Royal Enfield Classic 350 Dark Series With Dual-Channel,"₹ 1,70,000",30000 km,Third,Ghaziabad
2021 Honda CB350RS Mono Tone,"₹ 1,80,000",5000 km,First,Chennai
2022 KTM 390 Adventure,"₹ 2,80,000",20000 km,Second,Hyderabad
2023 Kawasaki Ninja 300,"₹ 3,65,000",1125 km,First,Mumbai
2021 Jawa Perak,"₹ 1,50,000",10000 km,First,Guwahati
2018 TVS Apache RTR 160 4V Drum (2019),"₹ 75,000",12500 km,First,Silchar
2021 Bajaj Avenger Street 160,"₹ 72,000",28000 km,First,Kolkata
2024 Bajaj Pulsar NS200 ABS,"₹ 1,70,000",5000 km,First,Delhi
2022 Hero Splendor Plus XTEC,"₹ 55,000",26758 km,First,Ghaziabad
2024 TVS NTORQ 125 Race Edition,"₹ 1,00,000",5000 km,First,Delhi
2019 Harley-Davidson Street 750 BS6,"₹ 3,50,000",10000 km,First,Pune
2021 Yamaha Fascino 125 Hybrid Disc,"₹ 50,000",50000 km,First,Delhi
2020 Jawa Dual Channel – Maroon,"₹ 1,30,000",50000 km,First,Hyderabad
2021 Jawa Perak,"₹ 2,10,000",15000 km,First,Jaipur
2021 Hero Splendor Plus Self with Alloy Wheel and i3S,"₹ 70,000",30000 km,First,Delhi
2019 Yamaha YZF R15 V3 Moto GP Edition STD,"₹ 1,00,000",25000 km,Second,Mumbai
2022 Royal Enfield Meteor 350 Stellar,"₹ 2,00,000",4000 km,First,Burdwan
2022 Suzuki Gixxer SF MotoGP BS6,"₹ 75,000",25000 km,First,Noida
2022 Bajaj Pulsar N250,"₹ 1,30,000",5000 km,First,Delhi
2018 Bajaj Dominar 400 (2016-2018) ABS,"₹ 1,50,000",10000 km,First,Bangalore
2021 Jawa Perak,"₹ 1,90,000",10000 km,First,Hyderabad
2017 Hero Glamour Fuel injection BS4,"₹ 42,000",47000 km,First,Baleshwar
2019 Harley-Davidson Street 750 BS6,"₹ 3,50,000",10000 km,First,Pune
2021 Yamaha Fascino 125 Hybrid Disc,"₹ 50,000",50000 km,First,Delhi
2020 Jawa Dual Channel – Maroon,"₹ 1,30,000",50000 km,First,Hyderabad
2021 Jawa Perak,"₹ 2,10,000",15000 km,First,Jaipur
2021 Hero Splendor Plus Self with Alloy Wheel and i3S,"₹ 70,000",30000 km,First,Delhi
2019 Yamaha YZF R15 V3 Moto GP Edition STD,"₹ 1,00,000",25000 km,Second,Mumbai
2022 Royal Enfield Meteor 350 Stellar,"₹ 2,00,000",4000 km,First,Burdwan
2022 Suzuki Gixxer SF MotoGP BS6,"₹ 75,000",25000 km,First,Noida
2022 Bajaj Pulsar N250,"₹ 1,30,000",5000 km,First,Delhi
2018 Bajaj Dominar 400 (2016-2018) ABS,"₹ 1,50,000",10000 km,First,Bangalore
2021 Jawa Perak,"₹ 1,90,000",10000 km,First,Hyderabad
2017 Hero Glamour Fuel injection BS4,"₹ 42,000",47000 km,First,Baleshwar
2016 Royal Enfield Bullet 350 X Kick Start,"₹ 85,000",30000 km,First,Ranchi
2021 Jawa Forty Two Dual Channel – Comet Red,"₹ 1,25,000",5000 km,First,Pune
2024 Bajaj Pulsar NS200 ABS,"₹ 1,70,000",5000 km,First,Delhi
2018 Bajaj Avenger Cruise 220 BS6,"₹ 57,000",50000 km,First,Delhi
2016 Hero Ignitor 125 Drum,"₹ 25,000",90000 km,Third,Guwahati
2016 Mahindra Mojo 300 BS4,"₹ 85,000",30000 km,Second,Nagpur
2023 Hero Splendor Plus i3s,"₹ 8,50,000",90000 km,First,Bangalore
2018 Royal Enfield Thunderbird 350X STD,"₹ 1,25,000",25000 km,First,Pune
2022 TVS Apache RR 310 ABS,"₹ 2,55,000",5000 km,First,Hyderabad
2018 Yamaha R15S ABS,"₹ 80,000",50000 km,First,Bangalore
2021 Suzuki Burgman Street EX,"₹ 70,000",20000 km,First,Kolkata
2016 Bajaj Pulsar RS200 ABS,"₹ 1,00,000",20000 km,First,Bangalore
2016 Royal Enfield Bullet 350 X Kick Start,"₹ 85,000",30000 km,First,Ranchi
2021 Jawa Forty Two Dual Channel – Comet Red,"₹ 1,25,000",5000 km,First,Pune
2024 Bajaj Pulsar NS200 ABS,"₹ 1,70,000",5000 km,First,Delhi
2018 Bajaj Avenger Cruise 220 BS6,"₹ 57,000",50000 km,First,Delhi
2016 Hero Ignitor 125 Drum,"₹ 25,000",90000 km,Third,Guwahati
2016 Mahindra Mojo 300 BS4,"₹ 85,000",30000 km,Second,Nagpur
2023 Hero Splendor Plus i3s,"₹ 8,50,000",90000 km,First,Bangalore
2018 Royal Enfield Thunderbird 350X STD,"₹ 1,25,000",25000 km,First,Pune
2022 TVS Apache RR 310 ABS,"₹ 2,55,000",5000 km,First,Hyderabad
2018 Yamaha R15S ABS,"₹ 80,000",50000 km,First,Bangalore
2021 Suzuki Burgman Street EX,"₹ 70,000",20000 km,First,Kolkata
2016 Bajaj Pulsar RS200 ABS,"₹ 1,00,000",20000 km,First,Bangalore
2019 Royal Enfield Thunderbird 350X ABS,"₹ 1,40,000",15000 km,First,Aurangabad
2017 Honda CB Hornet 160R BS4 CBS,"₹ 50,000",50000 km,First,Gurgaon
2021 Bajaj Dominar 250,"₹ 1,75,000",15000 km,Second,Mumbai
2023 Royal Enfield Bullet 350 Electric Start BS4,"₹ 1,80,000",3500 km,First,Ghaziabad
2015 Bajaj Pulsar 150 STD,"₹ 40,000",60000 km,First,Gurgaon
2018 Royal Enfield Classic 500 Stealth Black,"₹ 1,60,000",20000 km,First,Patna
2017 Honda Activa 3G STD,"₹ 45,000",35000 km,Second,Bangalore
2021 Yamaha YZF R15 V3 Moto GP Edition STD,"₹ 1,60,000",4600 km,First,Delhi
2018 Honda Dio BS4,"₹ 40,000",25000 km,Third,Chennai
2018 UM Motorcycles Renegade Commando Mojave STD,"₹ 80,000",20000 km,First,Delhi
2020 Honda Activa 6G Premium Edition,"₹ 80,000",5000 km,First,Gautam Buddha Nagar
2019 Benelli TNT 600i BS4 ABS BS4,"₹ 4,70,000",20000 km,Third,Delhi
2019 Royal Enfield Thunderbird 350X ABS,"₹ 1,40,000",15000 km,First,Aurangabad
2017 Honda CB Hornet 160R BS4 CBS,"₹ 50,000",50000 km,First,Gurgaon
2021 Bajaj Dominar 250,"₹ 1,75,000",15000 km,Second,Mumbai
2023 Royal Enfield Bullet 350 Electric Start BS4,"₹ 1,80,000",3500 km,First,Ghaziabad
2015 Bajaj Pulsar 150 STD,"₹ 40,000",60000 km,First,Gurgaon
2018 Royal Enfield Classic 500 Stealth Black,"₹ 1,60,000",20000 km,First,Patna
2017 Honda Activa 3G STD,"₹ 45,000",35000 km,Second,Bangalore
2021 Yamaha YZF R15 V3 Moto GP Edition STD,"₹ 1,60,000",4600 km,First,Delhi
2018 Honda Dio BS4,"₹ 40,000",25000 km,Third,Chennai
2018 UM Motorcycles Renegade Commando Mojave STD,"₹ 80,000",20000 km,First,Delhi
2020 Honda Activa 6G Premium Edition,"₹ 80,000",5000 km,First,Gautam Buddha Nagar
2019 Benelli TNT 600i BS4 ABS BS4,"₹ 4,70,000",20000 km,Third,Delhi
2019 Yamaha FZ 25 BS4 STD,"₹ 1,20,000",10000 km,Second,Indore
2011 Bajaj Discover 100 M,"₹ 20,000",100000 km,First,Dhule
2018 Suzuki Gixxer (2014-2018) SP,"₹ 50,000",25000 km,First,Kolkata
2015 Bajaj Avenger Street 220 BS4 220,"₹ 35,000",70000 km,First,Surat
2016 Vespa SXL 150,"₹ 70,000",40000 km,Second,Bangalore
2021 TVS NTORQ 125 Super Squad Edition,"₹ 79,000",15000 km,Second,Bangalore
2015 Bajaj Pulsar 135LS STD,"₹ 20,000",30000 km,First,Mumbai
2022 Yezdi Adventure Slick Silver,"₹ 2,20,000",15000 km,First,Bangalore
2023 Bajaj Pulsar P150 Twin Disc,"₹ 1,15,000",1700 km,First,Delhi
2022 Bajaj Pulsar NS 125,"₹ 88,000",6384 km,First,Kolkata
2016 Bajaj V15 Power Up STD,"₹ 20,000",10000 km,First,Delhi
2016 Honda CB Hornet 160R BS4 STD ABS,"₹ 55,000",40000 km,First,Bangalore
2019 Yamaha FZ 25 BS4 STD,"₹ 1,20,000",10000 km,Second,Indore
2011 Bajaj Discover 100 M,"₹ 20,000",100000 km,First,Dhule
2018 Suzuki Gixxer (2014-2018) SP,"₹ 50,000",25000 km,First,Kolkata
2015 Bajaj Avenger Street 220 BS4 220,"₹ 35,000",70000 km,First,Surat
2016 Vespa SXL 150,"₹ 70,000",40000 km,Second,Bangalore
2021 TVS NTORQ 125 Super Squad Edition,"₹ 79,000",15000 km,Second,Bangalore
2015 Bajaj Pulsar 135LS STD,"₹ 20,000",30000 km,First,Mumbai
2022 Yezdi Adventure Slick Silver,"₹ 2,20,000",15000 km,First,Bangalore
2023 Bajaj Pulsar P150 Twin Disc,"₹ 1,15,000",1700 km,First,Delhi
2022 Bajaj Pulsar NS 125,"₹ 88,000",6384 km,First,Kolkata
2016 Bajaj V15 Power Up STD,"₹ 20,000",10000 km,First,Delhi
2016 Honda CB Hornet 160R BS4 STD ABS,"₹ 55,000",40000 km,First,Bangalore
2018 Bajaj Dominar 400 (2016-2018) ABS,"₹ 1,10,000",30000 km,First,Ahmedabad
2017 Yamaha FZ S FI (V 2.0) Dual Disc,"₹ 65,000",40000 km,First,Bangalore
2015 KTM 200 Duke 2013 – 2016,"₹ 85,000",25000 km,First,Pune
2022 Hero XPulse 200 4V,"₹ 1,30,000",2800 km,First,Delhi
2011 Yamaha FZ 16 STD,"₹ 20,000",50000 km,First,Delhi
2015 Ducati Monster 795 STD,"₹ 6,85,000",19200 km,Second,Delhi
2022 Honda Dio Sports STD,"₹ 85,000",3400 km,First,Tinsukia
2017 Royal Enfield Classic 350 (2012-2021) ABS BS4,"₹ 1,28,000",15000 km,First,Mumbai
2013 Royal Enfield Bullet Electra std,"₹ 90,000",20000 km,Second,Gurgaon
2023 TVS Sport Self Start Alloy Wheel New,"₹ 66,000",5000 km,First,Mumbai
2021 Bajaj Avenger Cruise 220 BS6,"₹ 96,000",5405 km,First,Kolkata
2023 Odysse Electric Hawk,"₹ 70,000",15000 km,First,Bangalore
2018 Bajaj Dominar 400 (2016-2018) ABS,"₹ 1,10,000",30000 km,First,Ahmedabad
2017 Yamaha FZ S FI (V 2.0) Dual Disc,"₹ 65,000",40000 km,First,Bangalore
2015 KTM 200 Duke 2013 – 2016,"₹ 85,000",25000 km,First,Pune
2022 Hero XPulse 200 4V,"₹ 1,30,000",2800 km,First,Delhi
2011 Yamaha FZ 16 STD,"₹ 20,000",50000 km,First,Delhi
2015 Ducati Monster 795 STD,"₹ 6,85,000",19200 km,Second,Delhi
2022 Honda Dio Sports STD,"₹ 85,000",3400 km,First,Tinsukia
2017 Royal Enfield Classic 350 (2012-2021) ABS BS4,"₹ 1,28,000",15000 km,First,Mumbai
2013 Royal Enfield Bullet Electra std,"₹ 90,000",20000 km,Second,Gurgaon
2023 TVS Sport Self Start Alloy Wheel New,"₹ 66,000",5000 km,First,Mumbai
2021 Bajaj Avenger Cruise 220 BS6,"₹ 96,000",5405 km,First,Kolkata
2023 Odysse Electric Hawk,"₹ 70,000",15000 km,First,Bangalore
2022 Revolt RV400,"₹ 1,10,000",4500 km,First,Pune
2018 Bajaj V15 Power Up STD,"₹ 32,000",20000 km,Second,Delhi
2020 Suzuki Gixxer,"₹ 99,000",20000 km,First,Mumbai
2018 Hero Maestro Edge 125 Disc Prismatic Connected,"₹ 30,000",30000 km,First,Cuttack
2021 TVS Raider SmartXonnect,"₹ 60,000",40000 km,First,Delhi
2018 Aprilia SR 150 ABS,"₹ 40,000",30000 km,Second,Pune
2022 Yamaha Fascino 125 Fi Hybrid,"₹ 79,000",26500 km,First,Hyderabad
2011 Bajaj Pulsar 200 STD,"₹ 40,000",15000 km,First,Chennai
2018 Bajaj Pulsar 150 Single Disc BS6,"₹ 54,980",20000 km,First,Pune
2019 KTM 390 Duke BS4,"₹ 1,80,000",40000 km,Second,Varanasi
2012 Bajaj Platina 100 Kick Start CBS,"₹ 20,000",60000 km,First,Ghaziabad
2011 Yamaha YZF R15 Version 2.0,"₹ 50,000",30000 km,Above,Indore
2022 Revolt RV400,"₹ 1,10,000",4500 km,First,Pune
2018 Bajaj V15 Power Up STD,"₹ 32,000",20000 km,Second,Delhi
2020 Suzuki Gixxer,"₹ 99,000",20000 km,First,Mumbai
2018 Hero Maestro Edge 125 Disc Prismatic Connected,"₹ 30,000",30000 km,First,Cuttack
2021 TVS Raider SmartXonnect,"₹ 60,000",40000 km,First,Delhi
2018 Aprilia SR 150 ABS,"₹ 40,000",30000 km,Second,Pune
2022 Yamaha Fascino 125 Fi Hybrid,"₹ 79,000",26500 km,First,Hyderabad
2011 Bajaj Pulsar 200 STD,"₹ 40,000",15000 km,First,Chennai
2018 Bajaj Pulsar 150 Single Disc BS6,"₹ 54,980",20000 km,First,Pune
2019 KTM 390 Duke BS4,"₹ 1,80,000",40000 km,Second,Varanasi
2012 Bajaj Platina 100 Kick Start CBS,"₹ 20,000",60000 km,First,Ghaziabad
2011 Yamaha YZF R15 Version 2.0,"₹ 50,000",30000 km,Above,Indore
2014 Yamaha FZ 16 STD,"₹ 35,000",50000 km,First,Bangalore
2022 Hero Passion XTEC,"₹ 68,000",7400 km,First,Hyderabad
2020 Suzuki Access 125 Drum Brake CBS Special Edition,"₹ 32,000",40000 km,First,Kolkata
2023 Royal Enfield Classic 350 Dark Series With Dual-Channel,"₹ 2,30,000",7500 km,First,Hyderabad
2012 Hero Xtreme Disc,"₹ 20,000",25000 km,First,Delhi
2022 Hero Super Splendor i3s Drum Alloy,"₹ 75,000",10000 km,First,Muzaffarnagar
2018 KTM 390 Duke BS6,"₹ 1,65,000",10000 km,First,Gurugram
2022 KTM 250 Duke STD,"₹ 2,39,000",5000 km,First,Kolkata
2022 TVS Scooty Pep Plus Glossy,"₹ 55,000",20000 km,First,Mumbai
2021 Suzuki Gixxer SF MotoGP BS6,"₹ 1,50,000",25000 km,First,Chennai
2017 Yamaha FZ S FI (V 2.0) STD,"₹ 35,000",110000 km,First,Hyderabad
2014 TVS Apache RTR 180,"₹ 40,000",50000 km,First,Ghaziabad
2014 Yamaha FZ 16 STD,"₹ 35,000",50000 km,First,Bangalore
2022 Hero Passion XTEC,"₹ 68,000",7400 km,First,Hyderabad
2020 Suzuki Access 125 Drum Brake CBS Special Edition,"₹ 32,000",40000 km,First,Kolkata
2023 Royal Enfield Classic 350 Dark Series With Dual-Channel,"₹ 2,30,000",7500 km,First,Hyderabad
2012 Hero Xtreme Disc,"₹ 20,000",25000 km,First,Delhi
2022 Hero Super Splendor i3s Drum Alloy,"₹ 75,000",10000 km,First,Muzaffarnagar
2018 KTM 390 Duke BS6,"₹ 1,65,000",10000 km,First,Gurugram
2022 KTM 250 Duke STD,"₹ 2,39,000",5000 km,First,Kolkata
2022 TVS Scooty Pep Plus Glossy,"₹ 55,000",20000 km,First,Mumbai
2021 Suzuki Gixxer SF MotoGP BS6,"₹ 1,50,000",25000 km,First,Chennai
2017 Yamaha FZ S FI (V 2.0) STD,"₹ 35,000",110000 km,First,Hyderabad
2014 TVS Apache RTR 180,"₹ 40,000",50000 km,First,Ghaziabad
2021 TVS Apache RTR 200 4V Dual Channel ABS,"₹ 1,20,000",10000 km,First,Delhi
2018 TVS Apache RTR 160 4V Carburetor Single Disc (2018),"₹ 55,000",100000 km,First,Delhi
2020 Royal Enfield Interceptor 650 Black Ray,"₹ 2,25,000",10000 km,First,Delhi
2018 Bajaj CT100 Spoke BS4,"₹ 27,000",20000 km,First,Noida
2016 Royal Enfield Thunderbird 350 ABS,"₹ 1,00,000",35000 km,First,Mumbai
2018 TVS Jupiter Classic BS4,"₹ 28,000",30000 km,Second,Gurgaon
2012 TVS Apache RTR 160 Disc,"₹ 25,000",50000 km,First,Bangalore
2013 Hero Pleasure Alloy Wheel,"₹ 24,000",5000 km,First,Agartala
2023 Bajaj CT 125X,"₹ 80,000",5000 km,First,Delhi
2020 Benelli Imperiale 400 Silver,"₹ 1,60,000",25000 km,First,Bangalore
2022 Royal Enfield Hunter 350 Metro,"₹ 1,95,000",5600 km,First,Jaipur
2015 TVS Apache RTR 160 Disc,"₹ 47,000",30000 km,Second,Bangalore
2021 TVS Apache RTR 200 4V Dual Channel ABS,"₹ 1,20,000",10000 km,First,Delhi
2018 TVS Apache RTR 160 4V Carburetor Single Disc (2018),"₹ 55,000",100000 km,First,Delhi
2020 Royal Enfield Interceptor 650 Black Ray,"₹ 2,25,000",10000 km,First,Delhi
2018 Bajaj CT100 Spoke BS4,"₹ 27,000",20000 km,First,Noida
2016 Royal Enfield Thunderbird 350 ABS,"₹ 1,00,000",35000 km,First,Mumbai
2018 TVS Jupiter Classic BS4,"₹ 28,000",30000 km,Second,Gurgaon
2012 TVS Apache RTR 160 Disc,"₹ 25,000",50000 km,First,Bangalore
2013 Hero Pleasure Alloy Wheel,"₹ 24,000",5000 km,First,Agartala
2023 Bajaj CT 125X,"₹ 80,000",5000 km,First,Delhi
2020 Benelli Imperiale 400 Silver,"₹ 1,60,000",25000 km,First,Bangalore
2022 Royal Enfield Hunter 350 Metro,"₹ 1,95,000",5600 km,First,Jaipur
2015 TVS Apache RTR 160 Disc,"₹ 47,000",30000 km,Second,Bangalore
2021 Bajaj Pulsar 150 Single Disc BS6,"₹ 1,15,000",10000 km,First,Bangalore
2012 Hero Pleasure Sheet Metal Wheel,"₹ 38,000",14000 km,First,Bhubaneshwar
2013 Honda Activa,"₹ 26,000",30000 km,First,Bangalore
2023 Yezdi Adventure Mambo Black,"₹ 2,00,000",15000 km,First,Noida
2013 Yamaha YZF R15 Version 2.0,"₹ 50,000",50000 km,Second,Pune
2023 Honda CB350RS Mono Tone,"₹ 1,92,000",4400 km,First,Noida
2021 Bajaj Pulsar NS160 Twin Disc BS6,"₹ 85,000",22300 km,First,Noida
2019 Suzuki Intruder 160,"₹ 90,000",20000 km,First,Lucknow
2021 TVS NTORQ 125 Disc,"₹ 55,000",15000 km,First,Delhi
2023 Hero Passion XTEC,"₹ 72,000",10000 km,First,New Delhi
2021 Benling India Aura,"₹ 60,000",5000 km,First,Delhi
2018 Bajaj Pulsar 220 F,"₹ 64,999",60000 km,Second,Hyderabad
2021 Bajaj Pulsar 150 Single Disc BS6,"₹ 1,15,000",10000 km,First,Bangalore
2012 Hero Pleasure Sheet Metal Wheel,"₹ 38,000",14000 km,First,Bhubaneshwar
2013 Honda Activa,"₹ 26,000",30000 km,First,Bangalore
2023 Yezdi Adventure Mambo Black,"₹ 2,00,000",15000 km,First,Noida
2013 Yamaha YZF R15 Version 2.0,"₹ 50,000",50000 km,Second,Pune
2023 Honda CB350RS Mono Tone,"₹ 1,92,000",4400 km,First,Noida
2021 Bajaj Pulsar NS160 Twin Disc BS6,"₹ 85,000",22300 km,First,Noida
2019 Suzuki Intruder 160,"₹ 90,000",20000 km,First,Lucknow
2021 TVS NTORQ 125 Disc,"₹ 55,000",15000 km,First,Delhi
2023 Hero Passion XTEC,"₹ 72,000",10000 km,First,New Delhi
2021 Benling India Aura,"₹ 60,000",5000 km,First,Delhi
2018 Bajaj Pulsar 220 F,"₹ 64,999",60000 km,Second,Hyderabad
2016 Hyosung GV650 Aquila Pro STD,"₹ 2,95,000",10000 km,First,Visakhapatnam
2015 Bajaj Avenger Street 150,"₹ 40,000",35000 km,First,Mumbai
2020 Bajaj Avenger Street 160,"₹ 45,000",20000 km,First,Mumbai
2013 Yamaha FZS 25,"₹ 40,000",12500 km,First,Delhi
2017 Bajaj V15 Power Up STD,"₹ 32,000",40000 km,Second,Chennai
2018 TVS NTORQ 125 Disc BS4,"₹ 50,000",37000 km,First,Hyderabad
2017 Bajaj Avenger Cruise 220 Bajaj Avenger Cruise 220 Desert Gold,"₹ 65,000",22500 km,First,Pune
2021 Yamaha YZF R15 V3 Moto GP Edition STD,"₹ 1,20,000",25000 km,First,Kolkata
2018 TVS Scooty Pep Plus pep,"₹ 28,990",10000 km,First,Meerut
2022 Royal Enfield Meteor 350 Supernova,"₹ 1,80,000",10000 km,First,Burdwan
2019 Hero Passion Pro BS4 i3s Disc Alloy,"₹ 40,000",15000 km,Second,Mumbai
2016 TVS Apache RTR 200 4V Standard BS4,"₹ 55,000",55000 km,First,Kolkata
2016 Hyosung GV650 Aquila Pro STD,"₹ 2,95,000",10000 km,First,Visakhapatnam
2015 Bajaj Avenger Street 150,"₹ 40,000",35000 km,First,Mumbai
2020 Bajaj Avenger Street 160,"₹ 45,000",20000 km,First,Mumbai
2013 Yamaha FZS 25,"₹ 40,000",12500 km,First,Delhi
2017 Bajaj V15 Power Up STD,"₹ 32,000",40000 km,Second,Chennai
2018 TVS NTORQ 125 Disc BS4,"₹ 50,000",37000 km,First,Hyderabad
2017 Bajaj Avenger Cruise 220 Bajaj Avenger Cruise 220 Desert Gold,"₹ 65,000",22500 km,First,Pune
2021 Yamaha YZF R15 V3 Moto GP Edition STD,"₹ 1,20,000",25000 km,First,Kolkata
2018 TVS Scooty Pep Plus pep,"₹ 28,990",10000 km,First,Meerut
2022 Royal Enfield Meteor 350 Supernova,"₹ 1,80,000",10000 km,First,Burdwan
2019 Hero Passion Pro BS4 i3s Disc Alloy,"₹ 40,000",15000 km,Second,Mumbai
2016 TVS Apache RTR 200 4V Standard BS4,"₹ 55,000",55000 km,First,Kolkata
2013 KTM 390 Duke (2013-2016) STD,"₹ 1,15,000",27374 km,First,Mumbai
2012 Yamaha FZ 16 STD,"₹ 41,000",33241 km,First,Delhi
2017 KTM 200 Duke 2013 – 2016,"₹ 83,500",35000 km,Second,Delhi
2022 Yamaha YZF R15 Version 2.0,"₹ 1,50,000",25000 km,First,Tezpur
2021 Jawa Forty Two Double Disc,"₹ 1,50,000",20000 km,First,Indore
2015 Bajaj Avenger 220 Street,"₹ 60,000",27000 km,First,Jalandhar
2020 Jawa Forty Two Dual Channel – Starlight Blue,"₹ 1,20,000",15000 km,First,Pune
2013 Hero Maestro 110cc,"₹ 30,000",50000 km,Second,Bhopal
2015 Royal Enfield Classic 350 Dark Series With Dual-Channel,"₹ 1,40,000",6000 km,First,New Delhi
2014 Yamaha FZ-S (V 2.0) STD.,"₹ 39,000",21000 km,First,Mumbai
2011 Hero Pleasure Sheet Metal Wheel,"₹ 28,000",25000 km,Second,Pune
2011 Hero Honda Splendor Pro,"₹ 30,000",100000 km,First,Pune
2013 KTM 390 Duke (2013-2016) STD,"₹ 1,15,000",27374 km,First,Mumbai
2012 Yamaha FZ 16 STD,"₹ 41,000",33241 km,First,Delhi
2017 KTM 200 Duke 2013 – 2016,"₹ 83,500",35000 km,Second,Delhi
2022 Yamaha YZF R15 Version 2.0,"₹ 1,50,000",25000 km,First,Tezpur
2021 Jawa Forty Two Double Disc,"₹ 1,50,000",20000 km,First,Indore
2015 Bajaj Avenger 220 Street,"₹ 60,000",27000 km,First,Jalandhar
2020 Jawa Forty Two Dual Channel – Starlight Blue,"₹ 1,20,000",15000 km,First,Pune
2013 Hero Maestro 110cc,"₹ 30,000",50000 km,Second,Bhopal
2015 Royal Enfield Classic 350 Dark Series With Dual-Channel,"₹ 1,40,000",6000 km,First,New Delhi
2014 Yamaha FZ-S (V 2.0) STD.,"₹ 39,000",21000 km,First,Mumbai
2011 Hero Pleasure Sheet Metal Wheel,"₹ 28,000",25000 km,Second,Pune
2011 Hero Honda Splendor Pro,"₹ 30,000",100000 km,First,Pune
2016 Honda Aviator Drum Brake,"₹ 50,000",17000 km,First,Thrissur
2019 Royal Enfield Interceptor 650 Silver Spectre,"₹ 2,50,000",10000 km,First,Kolkata
2018 Harley-Davidson Street 750 STD,"₹ 4,50,000",15000 km,Second,Bangalore
2021 Hero Splendor Plus Black and Accent,"₹ 65,000",40000 km,First,Faridabad
2018 Royal Enfield Classic 350 (2012-2021) ABS BS4,"₹ 1,30,000",12000 km,First,Ghaziabad
2017 Suzuki Gixxer SF (2015-2018),"₹ 60,000",20000 km,First,Indore
2023 Ola Electric S1 X,"₹ 1,30,000",10000 km,First,Mumbai
2021 Hero Passion Pro i3s Disc Alloy,"₹ 60,000",25000 km,First,Pune
2022 Honda SP 125,"₹ 80,000",30000 km,First,Hyderabad
2022 BGauss D15 i,"₹ 90,000",5000 km,First,Chennai
2023 Royal Enfield Hunter 350 Metro Rebel,"₹ 1,90,000",1800 km,First,Hyderabad
2011 Hero Honda CD Dawn,"₹ 10,000",100000 km,Second,Hyderabad
2016 Honda Aviator Drum Brake,"₹ 50,000",17000 km,First,Thrissur
2019 Royal Enfield Interceptor 650 Silver Spectre,"₹ 2,50,000",10000 km,First,Kolkata
2018 Harley-Davidson Street 750 STD,"₹ 4,50,000",15000 km,Second,Bangalore
2021 Hero Splendor Plus Black and Accent,"₹ 65,000",40000 km,First,Faridabad
2018 Royal Enfield Classic 350 (2012-2021) ABS BS4,"₹ 1,30,000",12000 km,First,Ghaziabad
2017 Suzuki Gixxer SF (2015-2018),"₹ 60,000",20000 km,First,Indore
2023 Ola Electric S1 X,"₹ 1,30,000",10000 km,First,Mumbai
2021 Hero Passion Pro i3s Disc Alloy,"₹ 60,000",25000 km,First,Pune
2022 Honda SP 125,"₹ 80,000",30000 km,First,Hyderabad
2022 BGauss D15 i,"₹ 90,000",5000 km,First,Chennai
2023 Royal Enfield Hunter 350 Metro Rebel,"₹ 1,90,000",1800 km,First,Hyderabad
2011 Hero Honda CD Dawn,"₹ 10,000",100000 km,Second,Hyderabad
2021 Suzuki Gixxer SF MotoGP BS6,"₹ 1,20,000",15000 km,First,Lucknow
2019 Royal Enfield Interceptor 650 Silver Spectre,"₹ 1,80,000",10000 km,First,Noida
2016 Royal Enfield Thunderbird 350 STD,"₹ 85,000",25000 km,First,Bangalore
2016 Royal Enfield Bullet Electra std,"₹ 1,00,000",50000 km,First,Delhi
2011 Suzuki Access 125 Drum Brake CBS Special Edition,"₹ 18,000",200000 km,Third,Lucknow
2014 Royal Enfield Classic 350 (2012-2021) ABS BS4,"₹ 60,000",50000 km,First,Delhi
2020 TVS Apache RTR 160 4V Front And Rear Disc,"₹ 89,999",25000 km,Second,Gurgaon
2017 Bajaj Avenger Cruise 220,"₹ 45,000",35000 km,Second,Delhi
2018 Royal Enfield Thunderbird 350 STD,"₹ 1,10,000",6000 km,First,Mumbai
2023 Husqvarna Motorcycles Vitpilen 250,"₹ 2,50,000",2800 km,First,Hyderabad
2022 TVS NTORQ 125 Race Edition,"₹ 68,000",30000 km,First,Delhi
2017 Honda Activa 4G STD,"₹ 45,000",23000 km,First,Delhi
2021 Suzuki Gixxer SF MotoGP BS6,"₹ 1,20,000",15000 km,First,Lucknow
2019 Royal Enfield Interceptor 650 Silver Spectre,"₹ 1,80,000",10000 km,First,Noida
2016 Royal Enfield Thunderbird 350 STD,"₹ 85,000",25000 km,First,Bangalore
2016 Royal Enfield Bullet Electra std,"₹ 1,00,000",50000 km,First,Delhi
2011 Suzuki Access 125 Drum Brake CBS Special Edition,"₹ 18,000",200000 km,Third,Lucknow
2014 Royal Enfield Classic 350 (2012-2021) ABS BS4,"₹ 60,000",50000 km,First,Delhi
2020 TVS Apache RTR 160 4V Front And Rear Disc,"₹ 89,999",25000 km,Second,Gurgaon
2017 Bajaj Avenger Cruise 220,"₹ 45,000",35000 km,Second,Delhi
2018 Royal Enfield Thunderbird 350 STD,"₹ 1,10,000",6000 km,First,Mumbai
2023 Husqvarna Motorcycles Vitpilen 250,"₹ 2,50,000",2800 km,First,Hyderabad
2022 TVS NTORQ 125 Race Edition,"₹ 68,000",30000 km,First,Delhi
2017 Honda Activa 4G STD,"₹ 45,000",23000 km,First,Delhi
2017 TVS XL100 STD BS4,"₹ 40,000",50000 km,First,Coimbatore
2017 KTM 250 Duke 2017-2019,"₹ 1,50,000",50000 km,First,Pune
2010 Hero Pleasure Sheet Metal Wheel,"₹ 30,000",50000 km,First,Solapur
2023 Bajaj Pulsar NS200 ABS,"₹ 1,65,000",5000 km,First,Raichur
2021 Suzuki Gixxer,"₹ 99,000",5000 km,First,Mumbai
2010 Bajaj Pulsar 150(2009-2014) STD,"₹ 22,000",25000 km,First,Hyderabad
2016 Honda Activa 3G STD,"₹ 45,000",24425 km,Second,Bangalore
2020 Hero Xtreme Disc,"₹ 79,000",15000 km,First,Ahmedabad
2011 Yamaha Fazer 153 STD,"₹ 26,000",90000 km,First,Noida
2017 Bajaj Pulsar NS160 STD,"₹ 57,000",60000 km,First,Surat
2018 Royal Enfield Bullet 350 X Kick Start,"₹ 1,35,000",18000 km,First,Rohtak
2023 Hero Glamour Xtec,"₹ 92,000",1250 km,First,Panipat
2017 TVS XL100 STD BS4,"₹ 40,000",50000 km,First,Coimbatore
2017 KTM 250 Duke 2017-2019,"₹ 1,50,000",50000 km,First,Pune
2010 Hero Pleasure Sheet Metal Wheel,"₹ 30,000",50000 km,First,Solapur
2023 Bajaj Pulsar NS200 ABS,"₹ 1,65,000",5000 km,First,Raichur
2021 Suzuki Gixxer,"₹ 99,000",5000 km,First,Mumbai
2010 Bajaj Pulsar 150(2009-2014) STD,"₹ 22,000",25000 km,First,Hyderabad
2016 Honda Activa 3G STD,"₹ 45,000",24425 km,Second,Bangalore
2020 Hero Xtreme Disc,"₹ 79,000",15000 km,First,Ahmedabad
2011 Yamaha Fazer 153 STD,"₹ 26,000",90000 km,First,Noida
2017 Bajaj Pulsar NS160 STD,"₹ 57,000",60000 km,First,Surat
2018 Royal Enfield Bullet 350 X Kick Start,"₹ 1,35,000",18000 km,First,Rohtak
2023 Hero Glamour Xtec,"₹ 92,000",1250 km,First,Panipat
2014 Honda Aviator Drum Brake,"₹ 30,000",33000 km,First,Delhi
2023 TVS Apache RR 310 ABS,"₹ 2,80,000",3000 km,First,Aurangabad
2015 Benelli TNT 600i BS4 Limited Edition,"₹ 3,40,000",35000 km,Second,Coimbatore
2021 Suzuki Gixxer,"₹ 1,00,000",5000 km,First,Mumbai
2021 Jawa Perak,"₹ 2,00,000",5000 km,First,Delhi
2019 TVS Apache RR 310 ABS (BS4),"₹ 2,20,000",13500 km,First,Pune
2019 TVS NTORQ 125 Disc BS4,"₹ 40,000",35000 km,First,Delhi
2013 Royal Enfield Thunderbird 350 STD,"₹ 77,000",35000 km,First,Vasai-Virar
2022 BMW G 310 RR Style Sport,"₹ 3,10,000",10000 km,First,Delhi
2014 Honda CBR 150 R Standard,"₹ 60,000",56000 km,Second,Mumbai
2022 Jawa Dual Channel – Black,"₹ 1,68,000",15000 km,First,Delhi
2018 Honda Activa 5G,"₹ 45,000",25000 km,First,Mumbai
2014 Honda Aviator Drum Brake,"₹ 30,000",33000 km,First,Delhi
2023 TVS Apache RR 310 ABS,"₹ 2,80,000",3000 km,First,Aurangabad
2015 Benelli TNT 600i BS4 Limited Edition,"₹ 3,40,000",35000 km,Second,Coimbatore
2021 Suzuki Gixxer,"₹ 1,00,000",5000 km,First,Mumbai
2021 Jawa Perak,"₹ 2,00,000",5000 km,First,Delhi
2019 TVS Apache RR 310 ABS (BS4),"₹ 2,20,000",13500 km,First,Pune
2019 TVS NTORQ 125 Disc BS4,"₹ 40,000",35000 km,First,Delhi
2013 Royal Enfield Thunderbird 350 STD,"₹ 77,000",35000 km,First,Vasai-Virar
2022 BMW G 310 RR Style Sport,"₹ 3,10,000",10000 km,First,Delhi
2014 Honda CBR 150 R Standard,"₹ 60,000",56000 km,Second,Mumbai
2022 Jawa Dual Channel – Black,"₹ 1,68,000",15000 km,First,Delhi
2018 Honda Activa 5G,"₹ 45,000",25000 km,First,Mumbai
2022 TVS Jupiter Sheet Metal Wheel,"₹ 65,000",20000 km,First,Aligarh
2017 Royal Enfield Classic 350 Redditch Series With Single-Channel,"₹ 1,10,000",21050 km,First,Delhi
2020 Royal Enfield Interceptor 650 Mark Three,"₹ 2,50,000",10000 km,First,Thane
2022 Yezdi Roadster,"₹ 1,70,000",10000 km,First,Gurgaon
2013 Hyosung GT650R,"₹ 2,00,000",5000 km,Second,Hyderabad
2021 Honda Dio BS4,"₹ 55,000",15000 km,First,Baleshwar
2014 Honda CB Unicorn 150 Disc,"₹ 45,000",35000 km,First,Mumbai
2012 Honda Activa 2009-2014,"₹ 25,000",40000 km,Second,Sikar
2014 Kawasaki Ninja 650,"₹ 2,30,000",30000 km,Second,Kolkata
2018 Suzuki Intruder 160,"₹ 80,000",15000 km,Second,Ajmer
2023 Hero Splendor Plus XTEC,"₹ 75,000",5000 km,First,Bhubaneshwar
2022 Royal Enfield Himalayan Gravel Grey,"₹ 2,00,000",6000 km,First,Chennai
2022 TVS Jupiter Sheet Metal Wheel,"₹ 65,000",20000 km,First,Aligarh
2017 Royal Enfield Classic 350 Redditch Series With Single-Channel,"₹ 1,10,000",21050 km,First,Delhi
2020 Royal Enfield Interceptor 650 Mark Three,"₹ 2,50,000",10000 km,First,Thane
2022 Yezdi Roadster,"₹ 1,70,000",10000 km,First,Gurgaon
2013 Hyosung GT650R,"₹ 2,00,000",5000 km,Second,Hyderabad
2021 Honda Dio BS4,"₹ 55,000",15000 km,First,Baleshwar
2014 Honda CB Unicorn 150 Disc,"₹ 45,000",35000 km,First,Mumbai
2012 Honda Activa 2009-2014,"₹ 25,000",40000 km,Second,Sikar
2014 Kawasaki Ninja 650,"₹ 2,30,000",30000 km,Second,Kolkata
2018 Suzuki Intruder 160,"₹ 80,000",15000 km,Second,Ajmer
2023 Hero Splendor Plus XTEC,"₹ 75,000",5000 km,First,Bhubaneshwar
2022 Royal Enfield Himalayan Gravel Grey,"₹ 2,00,000",6000 km,First,Chennai
2018 Honda Grazia Sports Edition,"₹ 55,000",40000 km,First,Bhubaneshwar
2017 Bajaj Pulsar 200 STD,"₹ 96,870",11500 km,First,Valsad
2014 Hero Maestro 110cc,"₹ 35,000",40000 km,First,Lucknow
2016 Yamaha FZ S FI (V 2.0) STD,"₹ 58,000",25000 km,First,Noida
2015 Mahindra Gusto VX CBS,"₹ 20,000",25000 km,First,Pune
2017 Bajaj Avenger Street 150,"₹ 40,000",20000 km,First,Noida
2014 Hero Karizma 223cc,"₹ 32,000",20000 km,First,Bangalore
2021 Royal Enfield Meteor 350 Stellar,"₹ 1,80,000",15000 km,First,Delhi
2021 Honda CD 110 Dream DLX New,"₹ 57,000",40000 km,First,Hyderabad
2018 Bajaj Avenger Cruise 220 BS6,"₹ 80,000",23000 km,First,Delhi
2014 Honda CB Trigger 150,"₹ 20,000",80000 km,First,Lucknow
2021 TVS Apache RTR 160 4V Front And Rear Disc,"₹ 90,000",18000 km,First,Bharhut
2018 Honda Grazia Sports Edition,"₹ 55,000",40000 km,First,Bhubaneshwar
2017 Bajaj Pulsar 200 STD,"₹ 96,870",11500 km,First,Valsad
2014 Hero Maestro 110cc,"₹ 35,000",40000 km,First,Lucknow
2016 Yamaha FZ S FI (V 2.0) STD,"₹ 58,000",25000 km,First,Noida
2015 Mahindra Gusto VX CBS,"₹ 20,000",25000 km,First,Pune
2017 Bajaj Avenger Street 150,"₹ 40,000",20000 km,First,Noida
2014 Hero Karizma 223cc,"₹ 32,000",20000 km,First,Bangalore
2021 Royal Enfield Meteor 350 Stellar,"₹ 1,80,000",15000 km,First,Delhi
2021 Honda CD 110 Dream DLX New,"₹ 57,000",40000 km,First,Hyderabad
2018 Bajaj Avenger Cruise 220 BS6,"₹ 80,000",23000 km,First,Delhi
2014 Honda CB Trigger 150,"₹ 20,000",80000 km,First,Lucknow
2021 TVS Apache RTR 160 4V Front And Rear Disc,"₹ 90,000",18000 km,First,Bharhut
2021 Suzuki Burgman Street EX,"₹ 1,00,000",1600 km,First,Mumbai
2019 Honda Activa 5G STD,"₹ 60,000",25000 km,Second,Pune
2017 Vespa SXL 150,"₹ 60,000",20000 km,First,Pune
2020 Yamaha Fascino 125 Hybrid DLX Drum,"₹ 45,000",40000 km,First,Kolkata
2020 Royal Enfield Bullet 350 X Kick Start,"₹ 1,55,000",20000 km,First,Muzaffarnagar
2018 Royal Enfield Bullet Electra std,"₹ 1,25,000",3341 km,First,Agra
2012 TVS Wego,"₹ 25,000",50000 km,First,Delhi
2022 Royal Enfield Meteor 350 Fireball,"₹ 2,20,000",8794 km,First,Ahmedabad
2022 Revolt RV400,"₹ 1,05,000",20000 km,First,Pune
2011 Hero Karizma R,"₹ 22,000",25000 km,Second,Kurnool
2022 Yezdi Roadster,"₹ 1,80,000",10000 km,Second,Sonipat
2021 Yamaha YZF R15 V3 Moto GP Edition STD,"₹ 1,55,000",3100 km,First,Delhi
2021 Suzuki Burgman Street EX,"₹ 1,00,000",1600 km,First,Mumbai
2019 Honda Activa 5G STD,"₹ 60,000",25000 km,Second,Pune
2017 Vespa SXL 150,"₹ 60,000",20000 km,First,Pune
2020 Yamaha Fascino 125 Hybrid DLX Drum,"₹ 45,000",40000 km,First,Kolkata
2020 Royal Enfield Bullet 350 X Kick Start,"₹ 1,55,000",20000 km,First,Muzaffarnagar
2018 Royal Enfield Bullet Electra std,"₹ 1,25,000",3341 km,First,Agra
2012 TVS Wego,"₹ 25,000",50000 km,First,Delhi
2022 Royal Enfield Meteor 350 Fireball,"₹ 2,20,000",8794 km,First,Ahmedabad
2022 Revolt RV400,"₹ 1,05,000",20000 km,First,Pune
2011 Hero Karizma R,"₹ 22,000",25000 km,Second,Kurnool
2022 Yezdi Roadster,"₹ 1,80,000",10000 km,Second,Sonipat
2021 Yamaha YZF R15 V3 Moto GP Edition STD,"₹ 1,55,000",3100 km,First,Delhi
2018 TVS NTORQ 125 Race Edition,"₹ 45,000",50000 km,First,Kota
2022 TVS Ronin Triple Tone – Dual Channel – Galactic Grey,"₹ 1,50,000",4600 km,First,Mumbai
2015 Royal Enfield Bullet Electra std,"₹ 1,00,000",70000 km,First,Delhi
2018 KTM 200 Duke STD 2018 – 2020,"₹ 1,45,000",10000 km,First,Delhi
2016 Suzuki Gixxer SF (2015-2018),"₹ 48,000",70000 km,First,Bangalore
2022 TVS Raider SmartXonnect,"₹ 88,000",5000 km,First,Delhi
2015 Honda Activa 3G STD,"₹ 45,000",32710 km,First,Mumbai
2018 Royal Enfield Classic 350 Chrome Series With Dual-Channel,"₹ 1,60,000",20000 km,First,Bangalore
2010 TVS Apache 2007-2011,"₹ 25,000",80000 km,Second,Rajkot
2018 Hero Glamour Disc,"₹ 45,000",20000 km,First,Kaithal
2020 Yamaha FZ-FI Version 3.0,"₹ 93,000",25000 km,First,Bangalore
2020 Suzuki Gixxer SF 250 BS4,"₹ 1,24,900",15000 km,Second,Delhi
2018 TVS NTORQ 125 Race Edition,"₹ 45,000",50000 km,First,Kota
2022 TVS Ronin Triple Tone – Dual Channel – Galactic Grey,"₹ 1,50,000",4600 km,First,Mumbai
2015 Royal Enfield Bullet Electra std,"₹ 1,00,000",70000 km,First,Delhi
2018 KTM 200 Duke STD 2018 – 2020,"₹ 1,45,000",10000 km,First,Delhi
2016 Suzuki Gixxer SF (2015-2018),"₹ 48,000",70000 km,First,Bangalore
2022 TVS Raider SmartXonnect,"₹ 88,000",5000 km,First,Delhi
2015 Honda Activa 3G STD,"₹ 45,000",32710 km,First,Mumbai
2018 Royal Enfield Classic 350 Chrome Series With Dual-Channel,"₹ 1,60,000",20000 km,First,Bangalore
2010 TVS Apache 2007-2011,"₹ 25,000",80000 km,Second,Rajkot
2018 Hero Glamour Disc,"₹ 45,000",20000 km,First,Kaithal
2020 Yamaha FZ-FI Version 3.0,"₹ 93,000",25000 km,First,Bangalore
2020 Suzuki Gixxer SF 250 BS4,"₹ 1,24,900",15000 km,Second,Delhi
2023 Hero Super Splendor XTEC,"₹ 90,000",1000 km,First,Cuttack
2021 Jawa Perak,"₹ 1,70,000",7200 km,First,Jodhpur
2020 Yamaha YZF R15 Movistar STD,"₹ 1,40,000",30000 km,First,Bangalore
2022 Revolt RV400,"₹ 1,20,000",273 km,First,Pune
2011 Suzuki Access 125 BS4,"₹ 16,000",30000 km,First,Faridabad
2018 Bajaj V15 Power Up STD,"₹ 42,000",10000 km,Third,Hisar
2021 Honda H’ness CB350 DLX Pro,"₹ 1,90,000",5000 km,First,Hyderabad
2015 KTM RC 390,"₹ 1,20,000",20000 km,First,Hyderabad
2010 Honda Shine Celebration Edition Disc,"₹ 20,000",18845 km,First,Mumbai
2017 UM Motorcycles Renegade Commando Carb,"₹ 55,000",25000 km,Second,Bangalore
2021 Bajaj Avenger Cruise 220 BS6,"₹ 1,35,000",5000 km,First,Delhi
2018 Mahindra MOJO XT 300 ABS,"₹ 1,40,000",25000 km,First,Ahmedabad
2023 Hero Super Splendor XTEC,"₹ 90,000",1000 km,First,Cuttack
2021 Jawa Perak,"₹ 1,70,000",7200 km,First,Jodhpur
2020 Yamaha YZF R15 Movistar STD,"₹ 1,40,000",30000 km,First,Bangalore
2022 Revolt RV400,"₹ 1,20,000",273 km,First,Pune
2011 Suzuki Access 125 BS4,"₹ 16,000",30000 km,First,Faridabad
2018 Bajaj V15 Power Up STD,"₹ 42,000",10000 km,Third,Hisar
2021 Honda H’ness CB350 DLX Pro,"₹ 1,90,000",5000 km,First,Hyderabad
2015 KTM RC 390,"₹ 1,20,000",20000 km,First,Hyderabad
2010 Honda Shine Celebration Edition Disc,"₹ 20,000",18845 km,First,Mumbai
2017 UM Motorcycles Renegade Commando Carb,"₹ 55,000",25000 km,Second,Bangalore
2021 Bajaj Avenger Cruise 220 BS6,"₹ 1,35,000",5000 km,First,Delhi
2018 Mahindra MOJO XT 300 ABS,"₹ 1,40,000",25000 km,First,Ahmedabad
2021 Suzuki Gixxer,"₹ 90,000",3900 km,Second,Delhi
2021 Bajaj Avenger Street 160,"₹ 80,000",30000 km,First,Cuttack
2014 Bajaj Pulsar 220 F,"₹ 35,000",35000 km,First,Delhi
2022 Bajaj Pulsar 125 Carbon Fiber Single Seat,"₹ 82,000",5000 km,First,Bhopal
2022 TVS Apache RR 310 ABS,"₹ 2,70,000",5000 km,First,Gwalior
2014 Honda CB Shine SP Drum Brake,"₹ 30,000",67500 km,First,Asansol
2022 Yezdi Roadster,"₹ 1,50,000",5000 km,First,Mumbai
2015 KTM 390 Duke (2013-2016) STD,"₹ 1,25,000",16000 km,First,Mumbai
2012 Bajaj Avenger 220 STD,"₹ 35,000",100000 km,First,Bangalore
2014 Honda Activa,"₹ 25,000",40000 km,Second,Delhi
2021 Bajaj Pulsar NS 125,"₹ 85,000",32000 km,First,Delhi
2019 KTM RC 125 (2019-2021),"₹ 1,30,000",10000 km,First,Delhi
2021 Suzuki Gixxer,"₹ 90,000",3900 km,Second,Delhi
2021 Bajaj Avenger Street 160,"₹ 80,000",30000 km,First,Cuttack
2014 Bajaj Pulsar 220 F,"₹ 35,000",35000 km,First,Delhi
2022 Bajaj Pulsar 125 Carbon Fiber Single Seat,"₹ 82,000",5000 km,First,Bhopal
2022 TVS Apache RR 310 ABS,"₹ 2,70,000",5000 km,First,Gwalior
2014 Honda CB Shine SP Drum Brake,"₹ 30,000",67500 km,First,Asansol
2022 Yezdi Roadster,"₹ 1,50,000",5000 km,First,Mumbai
2015 KTM 390 Duke (2013-2016) STD,"₹ 1,25,000",16000 km,First,Mumbai
2012 Bajaj Avenger 220 STD,"₹ 35,000",100000 km,First,Bangalore
2014 Honda Activa,"₹ 25,000",40000 km,Second,Delhi
2021 Bajaj Pulsar NS 125,"₹ 85,000",32000 km,First,Delhi
2019 KTM RC 125 (2019-2021),"₹ 1,30,000",10000 km,First,Delhi
2022 Vespa ZX 125,"₹ 1,10,000",700 km,First,Delhi
2018 Vespa VXL 150 ABS,"₹ 65,000",10000 km,First,Ahmedabad
2020 Bajaj Pulsar 150 Twin Disc ABS,"₹ 85,000",30000 km,First,Vijayawada
2018 TVS NTORQ 125 Disc,"₹ 50,000",25000 km,Second,Pune
2018 Bajaj Dominar 400 BS4,"₹ 1,20,000",11500 km,First,Mumbai
2023 TVS Jupiter STD,"₹ 90,000",3000 km,First,Pune
2015 Suzuki Gixxer,"₹ 45,000",37600 km,First,Kolkata
2020 Honda Hornet 2.0,"₹ 1,10,000",30000 km,First,Bangalore
2018 Royal Enfield Thunderbird 350X STD,"₹ 97,500",10000 km,First,Faridabad
2019 Bajaj Pulsar 150 Twin Disc ABS,"₹ 45,000",50000 km,First,Indore
2016 Honda CB Hornet 160R BS4 STD ABS,"₹ 55,000",30000 km,First,Hyderabad
2019 Honda Activa 5G,"₹ 65,000",5000 km,Second,Bangalore
2022 Vespa ZX 125,"₹ 1,10,000",700 km,First,Delhi
2018 Vespa VXL 150 ABS,"₹ 65,000",10000 km,First,Ahmedabad
2020 Bajaj Pulsar 150 Twin Disc ABS,"₹ 85,000",30000 km,First,Vijayawada
2018 TVS NTORQ 125 Disc,"₹ 50,000",25000 km,Second,Pune
2018 Bajaj Dominar 400 BS4,"₹ 1,20,000",11500 km,First,Mumbai
2023 TVS Jupiter STD,"₹ 90,000",3000 km,First,Pune
2015 Suzuki Gixxer,"₹ 45,000",37600 km,First,Kolkata
2020 Honda Hornet 2.0,"₹ 1,10,000",30000 km,First,Bangalore
2018 Royal Enfield Thunderbird 350X STD,"₹ 97,500",10000 km,First,Faridabad
2019 Bajaj Pulsar 150 Twin Disc ABS,"₹ 45,000",50000 km,First,Indore
2016 Honda CB Hornet 160R BS4 STD ABS,"₹ 55,000",30000 km,First,Hyderabad
2019 Honda Activa 5G,"₹ 65,000",5000 km,Second,Bangalore
2018 Hero Duet LX,"₹ 40,000",15000 km,First,New Delhi
2021 Royal Enfield Bullet 350 X Kick Start,"₹ 1,40,000",10000 km,First,Shillong
2018 Royal Enfield Bullet 350 X Kick Start,"₹ 1,25,000",10000 km,First,Delhi
2023 Bajaj Pulsar NS 125,"₹ 1,00,000",2800 km,First,Kalyan
2010 TVS Apache RTR 160 Disc,"₹ 20,000",15000 km,Third,Noida
2014 Royal Enfield Classic 350 (2012-2021) ABS BS4,"₹ 1,10,000",10000 km,First,Mangaluru
2014 Vespa LX 125 STD,"₹ 35,000",30000 km,First,Delhi
2016 Honda Activa 3G STD,"₹ 50,000",35000 km,First,Surat
2012 Bajaj Pulsar 150(2009-2014) STD,"₹ 25,000",100000 km,First,Noida
2021 TVS iQube Electric S,"₹ 95,000",3400 km,First,Delhi
2019 Royal Enfield Interceptor 650 Orange Crush,"₹ 2,75,000",10000 km,First,Vasai-Virar
2021 Royal Enfield Classic 350 (2012-2021) Pure Black BS6 January 2021,"₹ 1,65,000",10000 km,First,Kolkata
2018 Hero Duet LX,"₹ 40,000",15000 km,First,New Delhi
2021 Royal Enfield Bullet 350 X Kick Start,"₹ 1,40,000",10000 km,First,Shillong
2018 Royal Enfield Bullet 350 X Kick Start,"₹ 1,25,000",10000 km,First,Delhi
2023 Bajaj Pulsar NS 125,"₹ 1,00,000",2800 km,First,Kalyan
2010 TVS Apache RTR 160 Disc,"₹ 20,000",15000 km,Third,Noida
2014 Royal Enfield Classic 350 (2012-2021) ABS BS4,"₹ 1,10,000",10000 km,First,Mangaluru
2014 Vespa LX 125 STD,"₹ 35,000",30000 km,First,Delhi
2016 Honda Activa 3G STD,"₹ 50,000",35000 km,First,Surat
2012 Bajaj Pulsar 150(2009-2014) STD,"₹ 25,000",100000 km,First,Noida
2021 TVS iQube Electric S,"₹ 95,000",3400 km,First,Delhi
2019 Royal Enfield Interceptor 650 Orange Crush,"₹ 2,75,000",10000 km,First,Vasai-Virar
2021 Royal Enfield Classic 350 (2012-2021) Pure Black BS6 January 2021,"₹ 1,65,000",10000 km,First,Kolkata
2014 Bajaj Discover 125,"₹ 22,000",68000 km,First,Agra
2022 Suzuki Intruder Fi SP,"₹ 1,00,000",1000 km,First,Noida
2022 Kawasaki Z650RS,"₹ 6,50,000",800 km,First,Delhi
2012 Honda Activa 2009-2014,"₹ 28,000",36000 km,First,Jaipur
2021 Yamaha RayZR 125 Street Rally,"₹ 64,000",5000 km,First,Faridabad
2023 Bajaj Platina 110 H Gear Disc BS6,"₹ 78,000",14000 km,First,Jaipur
2010 TVS Scooty Streak,"₹ 20,000",20000 km,First,Chhindwara
2023 Royal Enfield Himalayan Granite Black,"₹ 2,50,000",5000 km,First,Delhi
2023 Bajaj Avenger Street 160,"₹ 1,10,000",10000 km,First,Noida
2011 Bajaj Pulsar 150 ABS,"₹ 30,000",80000 km,First,Kolkata
2023 Royal Enfield Bullet 350 X Kick Start,"₹ 1,72,000",9000 km,First,Faridabad
2016 Royal Enfield Classic 350 Chrome Series With Dual-Channel,"₹ 90,000",50000 km,First,Delhi
2014 Bajaj Discover 125,"₹ 22,000",68000 km,First,Agra
2022 Suzuki Intruder Fi SP,"₹ 1,00,000",1000 km,First,Noida
2022 Kawasaki Z650RS,"₹ 6,50,000",800 km,First,Delhi
2012 Honda Activa 2009-2014,"₹ 28,000",36000 km,First,Jaipur
2021 Yamaha RayZR 125 Street Rally,"₹ 64,000",5000 km,First,Faridabad
2023 Bajaj Platina 110 H Gear Disc BS6,"₹ 78,000",14000 km,First,Jaipur
2010 TVS Scooty Streak,"₹ 20,000",20000 km,First,Chhindwara
2023 Royal Enfield Himalayan Granite Black,"₹ 2,50,000",5000 km,First,Delhi
2023 Bajaj Avenger Street 160,"₹ 1,10,000",10000 km,First,Noida
2011 Bajaj Pulsar 150 ABS,"₹ 30,000",80000 km,First,Kolkata
2023 Royal Enfield Bullet 350 X Kick Start,"₹ 1,72,000",9000 km,First,Faridabad
2016 Royal Enfield Classic 350 Chrome Series With Dual-Channel,"₹ 90,000",50000 km,First,Delhi
2021 Honda Hornet 2.0,"₹ 1,05,000",50000 km,First,Delhi
2016 TVS Star City Plus,"₹ 40,000",40000 km,First,Mysore
2021 Royal Enfield Classic 350 Chrome Series With Dual-Channel,"₹ 1,50,000",20000 km,First,Udaipur
2022 Yamaha R15 V4 Racing Blue,"₹ 1,80,000",15000 km,First,Delhi
2021 Honda Shine Celebration Edition Disc,"₹ 60,000",15000 km,First,Mumbai
2019 TVS NTORQ 125 Disc,"₹ 55,000",15000 km,First,Delhi
2021 TVS NTORQ 125 Race XP,"₹ 75,000",25000 km,First,Delhi
2014 Royal Enfield Thunderbird 350 ABS,"₹ 75,000",35000 km,First,Delhi
2021 Hero Passion Pro i3s Drum Alloy,"₹ 50,000",35000 km,First,Ghaziabad
2014 Honda Activa,"₹ 30,000",10000 km,First,Kolkata
2020 Vespa ZX 125,"₹ 60,000",5000 km,First,Delhi
2016 TVS Jupiter STD,"₹ 25,000",94000 km,First,Ghaziabad
2021 Honda Hornet 2.0,"₹ 1,05,000",50000 km,First,Delhi
2016 TVS Star City Plus,"₹ 40,000",40000 km,First,Mysore
2021 Royal Enfield Classic 350 Chrome Series With Dual-Channel,"₹ 1,50,000",20000 km,First,Udaipur
2022 Yamaha R15 V4 Racing Blue,"₹ 1,80,000",15000 km,First,Delhi
2021 Honda Shine Celebration Edition Disc,"₹ 60,000",15000 km,First,Mumbai
2019 TVS NTORQ 125 Disc,"₹ 55,000",15000 km,First,Delhi
2021 TVS NTORQ 125 Race XP,"₹ 75,000",25000 km,First,Delhi
2014 Royal Enfield Thunderbird 350 ABS,"₹ 75,000",35000 km,First,Delhi
2021 Hero Passion Pro i3s Drum Alloy,"₹ 50,000",35000 km,First,Ghaziabad
2014 Honda Activa,"₹ 30,000",10000 km,First,Kolkata
2020 Vespa ZX 125,"₹ 60,000",5000 km,First,Delhi
2016 TVS Jupiter STD,"₹ 25,000",94000 km,First,Ghaziabad
2011 Bajaj Pulsar 180 ABS (2009-2019) BS4,"₹ 17,000",40000 km,First,Delhi
2019 Yamaha YZF R15 Movistar STD,"₹ 1,40,000",20000 km,First,Mumbai
2017 TVS Apache RTR 160 Disc,"₹ 55,000",15000 km,First,Jaipur
2021 Honda Activa 125 Premium Edition Disc,"₹ 50,000",25000 km,First,Delhi
2016 Honda CB Unicorn 160 Disc Brake,"₹ 28,000",km,First,Kolkata
2020 Suzuki Access 125 Disc Alloy Bluetooth,"₹ 45,000",11500 km,First,Mumbai
2017 Aprilia SR 150 ABS,"₹ 80,000",25000 km,Second,Hyderabad
2013 Bajaj Pulsar 150(2009-2014) STD,"₹ 50,000",100000 km,First,Pune
2017 TVS Jupiter Classic,"₹ 33,000",2800 km,First,Delhi
2022 Yezdi Scrambler Single Tone,"₹ 1,60,000",11500 km,First,Faridabad
2021 Honda Activa 6G H-Smart,"₹ 64,000",5000 km,First,Faridabad
2022 Jawa Khakhi And Midnight Grey Editions,"₹ 1,70,000",6700 km,First,Ghaziabad
2011 Bajaj Pulsar 180 ABS (2009-2019) BS4,"₹ 17,000",40000 km,First,Delhi
2019 Yamaha YZF R15 Movistar STD,"₹ 1,40,000",20000 km,First,Mumbai
2017 TVS Apache RTR 160 Disc,"₹ 55,000",15000 km,First,Jaipur
2021 Honda Activa 125 Premium Edition Disc,"₹ 50,000",25000 km,First,Delhi
2016 Honda CB Unicorn 160 Disc Brake,"₹ 28,000",km,First,Kolkata
2020 Suzuki Access 125 Disc Alloy Bluetooth,"₹ 45,000",11500 km,First,Mumbai
2017 Aprilia SR 150 ABS,"₹ 80,000",25000 km,Second,Hyderabad
2013 Bajaj Pulsar 150(2009-2014) STD,"₹ 50,000",100000 km,First,Pune
2017 TVS Jupiter Classic,"₹ 33,000",2800 km,First,Delhi
2022 Yezdi Scrambler Single Tone,"₹ 1,60,000",11500 km,First,Faridabad
2021 Honda Activa 6G H-Smart,"₹ 64,000",5000 km,First,Faridabad
2022 Jawa Khakhi And Midnight Grey Editions,"₹ 1,70,000",6700 km,First,Ghaziabad
2021 Hero Xtreme 160R 100 Million Limited Edition,"₹ 90,000",10000 km,First,Motihari
2018 Honda Activa 5G,"₹ 55,000",30000 km,Second,Kota
2015 Hero Ignitor 125 Drum,"₹ 28,000",12000 km,First,Delhi
2020 Honda SP 125,"₹ 58,000",60000 km,First,Noida
2016 Suzuki Gixxer,"₹ 49,999",50000 km,First,Gurgaon
2011 TVS Wego,"₹ 20,000",120000 km,First,Agra
2013 Honda Dream Yuga 110,"₹ 17,599",30000 km,Third,Delhi
2016 Hero Splendor iSmart,"₹ 35,000",60000 km,First,Ahmedabad
2019 Royal Enfield Thunderbird 350X ABS,"₹ 1,40,000",6140 km,First,Kolkata
2017 Hero Splendor Plus Self with Alloy Wheel,"₹ 45,000",50000 km,First,Delhi
2017 Hyosung GT250R 250R,"₹ 1,80,000",15000 km,Second,Pune
2020 Honda Hornet 2.0,"₹ 80,000",80000 km,First,Hyderabad
2021 Hero Xtreme 160R 100 Million Limited Edition,"₹ 90,000",10000 km,First,Motihari
2018 Honda Activa 5G,"₹ 55,000",30000 km,Second,Kota
2015 Hero Ignitor 125 Drum,"₹ 28,000",12000 km,First,Delhi
2020 Honda SP 125,"₹ 58,000",60000 km,First,Noida
2016 Suzuki Gixxer,"₹ 49,999",50000 km,First,Gurgaon
2011 TVS Wego,"₹ 20,000",120000 km,First,Agra
2013 Honda Dream Yuga 110,"₹ 17,599",30000 km,Third,Delhi
2016 Hero Splendor iSmart,"₹ 35,000",60000 km,First,Ahmedabad
2019 Royal Enfield Thunderbird 350X ABS,"₹ 1,40,000",6140 km,First,Kolkata
2017 Hero Splendor Plus Self with Alloy Wheel,"₹ 45,000",50000 km,First,Delhi
2017 Hyosung GT250R 250R,"₹ 1,80,000",15000 km,Second,Pune
2020 Honda Hornet 2.0,"₹ 80,000",80000 km,First,Hyderabad
2014 Yamaha Fazer-FI Version 2.0,"₹ 30,000",20000 km,First,Bangalore
2016 Honda Activa 3G STD,"₹ 40,000",80000 km,First,Chennai
2020 Honda Dio Sports STD,"₹ 60,000",11500 km,First,Mumbai
2022 Okaya Electric Faast,"₹ 80,000",25000 km,First,Delhi
2012 Bajaj Avenger 220 STD,"₹ 35,000",13725 km,First,Bangalore
2011 Bajaj Pulsar 135LS STD,"₹ 20,000",19500 km,First,Delhi
2016 KTM 390 Duke (2013-2016) STD,"₹ 1,20,000",40000 km,First,Kalyan
2015 Hero HF Deluxe Self Start Alloy Wheel All Black,"₹ 30,000",66000 km,Second,Gurgaon
2023 Bajaj Pulsar N160,"₹ 1,50,000",3000 km,First,Budaun
2013 Hero Hunk Double Disc,"₹ 25,000",25000 km,First,Ghaziabad
2014 Yamaha FZ-S (V 2.0) STD.,"₹ 55,000",5000 km,First,Gurgaon
2016 Honda CB Unicorn 160 Disc Brake,"₹ 45,000",32000 km,First,Delhi
2014 Yamaha Fazer-FI Version 2.0,"₹ 30,000",20000 km,First,Bangalore
2016 Honda Activa 3G STD,"₹ 40,000",80000 km,First,Chennai
2020 Honda Dio Sports STD,"₹ 60,000",11500 km,First,Mumbai
2022 Okaya Electric Faast,"₹ 80,000",25000 km,First,Delhi
2012 Bajaj Avenger 220 STD,"₹ 35,000",13725 km,First,Bangalore
2011 Bajaj Pulsar 135LS STD,"₹ 20,000",19500 km,First,Delhi
2016 KTM 390 Duke (2013-2016) STD,"₹ 1,20,000",40000 km,First,Kalyan
2015 Hero HF Deluxe Self Start Alloy Wheel All Black,"₹ 30,000",66000 km,Second,Gurgaon
2023 Bajaj Pulsar N160,"₹ 1,50,000",3000 km,First,Budaun
2013 Hero Hunk Double Disc,"₹ 25,000",25000 km,First,Ghaziabad
2014 Yamaha FZ-S (V 2.0) STD.,"₹ 55,000",5000 km,First,Gurgaon
2016 Honda CB Unicorn 160 Disc Brake,"₹ 45,000",32000 km,First,Delhi
2017 Bajaj Avenger Street 150,"₹ 45,000",40000 km,Second,Bokaro
2020 Jawa Perak,"₹ 1,75,000",15000 km,First,Pune
2023 Yamaha FZ-X Bluetooth,"₹ 1,40,000",2200 km,First,Faridabad
2021 BMW G 310 GS,"₹ 3,00,000",5000 km,First,Guwahati
2010 Hero Honda Hunk,"₹ 30,000",30000 km,First,Delhi
2019 Honda Activa 5G STD,"₹ 60,000",13500 km,First,Hyderabad
2014 Suzuki Let’s 110cc,"₹ 22,000",35000 km,First,Lucknow
2017 Honda Aviator Drum Brake Alloy,"₹ 40,000",15000 km,First,Saran
2022 Royal Enfield Classic 350 Dark Series With Dual-Channel,"₹ 2,30,000",1350 km,First,Ahmedabad
2019 Bajaj Pulsar 220 F,"₹ 75,000",35000 km,First,Lucknow
2019 Royal Enfield Thunderbird 350X ABS,"₹ 1,70,000",5000 km,First,Bangalore
2016 Suzuki Access 125cc,"₹ 36,800",70000 km,First,Bangalore
2017 Bajaj Avenger Street 150,"₹ 45,000",40000 km,Second,Bokaro
2020 Jawa Perak,"₹ 1,75,000",15000 km,First,Pune
2023 Yamaha FZ-X Bluetooth,"₹ 1,40,000",2200 km,First,Faridabad
2021 BMW G 310 GS,"₹ 3,00,000",5000 km,First,Guwahati
2010 Hero Honda Hunk,"₹ 30,000",30000 km,First,Delhi
2019 Honda Activa 5G STD,"₹ 60,000",13500 km,First,Hyderabad
2014 Suzuki Let’s 110cc,"₹ 22,000",35000 km,First,Lucknow
2017 Honda Aviator Drum Brake Alloy,"₹ 40,000",15000 km,First,Saran
2022 Royal Enfield Classic 350 Dark Series With Dual-Channel,"₹ 2,30,000",1350 km,First,Ahmedabad
2019 Bajaj Pulsar 220 F,"₹ 75,000",35000 km,First,Lucknow
2019 Royal Enfield Thunderbird 350X ABS,"₹ 1,70,000",5000 km,First,Bangalore
2016 Suzuki Access 125cc,"₹ 36,800",70000 km,First,Bangalore
2015 Yamaha Fazer 153 STD,"₹ 35,000",25602 km,First,Ahmedabad
2021 TVS Raider SmartXonnect,"₹ 70,000",35000 km,First,Mumbai
2014 Hero Maestro 110cc,"₹ 20,000",100000 km,Second,Delhi
2018 Honda CB Shine BS4 Drum Brake,"₹ 42,000",40000 km,First,Delhi
2016 TVS Jupiter STD,"₹ 25,000",60000 km,First,Delhi
2018 Honda CB Shine BS4 Drum Brake,"₹ 45,000",60000 km,First,Agra
2022 Bajaj Platina 110 H Gear Disc BS6,"₹ 65,000",20000 km,First,Bangalore
2015 Bajaj Pulsar 200 STD,"₹ 60,000",40000 km,Above,Lucknow
2017 TVS Jupiter STD,"₹ 20,000",15000 km,First,Delhi
2023 Hero Xoom 110,"₹ 76,000",1500 km,First,Delhi
2017 Royal Enfield Bullet Electra std,"₹ 1,20,000",10000 km,First,Noida
2017 Bajaj Avenger 220 STD,"₹ 65,000",30000 km,Second,Delhi
2015 Yamaha Fazer 153 STD,"₹ 35,000",25602 km,First,Ahmedabad
2021 TVS Raider SmartXonnect,"₹ 70,000",35000 km,First,Mumbai
2014 Hero Maestro 110cc,"₹ 20,000",100000 km,Second,Delhi
2018 Honda CB Shine BS4 Drum Brake,"₹ 42,000",40000 km,First,Delhi
2016 TVS Jupiter STD,"₹ 25,000",60000 km,First,Delhi
2018 Honda CB Shine BS4 Drum Brake,"₹ 45,000",60000 km,First,Agra
2022 Bajaj Platina 110 H Gear Disc BS6,"₹ 65,000",20000 km,First,Bangalore
2015 Bajaj Pulsar 200 STD,"₹ 60,000",40000 km,Above,Lucknow
2017 TVS Jupiter STD,"₹ 20,000",15000 km,First,Delhi
2023 Hero Xoom 110,"₹ 76,000",1500 km,First,Delhi
2017 Royal Enfield Bullet Electra std,"₹ 1,20,000",10000 km,First,Noida
2017 Bajaj Avenger 220 STD,"₹ 65,000",30000 km,Second,Delhi
2020 Suzuki Intruder Fi SP,"₹ 1,00,000",30000 km,First,Pune
2020 Royal Enfield Classic 350 (2012-2021) Stealth Black BS6 2020,"₹ 1,75,000",5000 km,First,Mumbai
2014 TVS Apache RTR 160 Disc,"₹ 30,000",70000 km,Third,Mumbai
2016 Royal Enfield Himalayan Snow White,"₹ 96,700",100000 km,Second,Delhi
2023 Ola Electric S1 X,"₹ 80,000",5000 km,First,Hyderabad
2016 Suzuki Gixxer (2014-2018) Base,"₹ 40,000",30000 km,Second,Chennai
2018 Honda Livo,"₹ 45,000",35000 km,First,Delhi
2016 Honda CB Shine SP Disc Brake,"₹ 45,000",40000 km,First,Noida
2019 Yamaha FZS-FI V3 Dark Knight,"₹ 1,00,000",35000 km,First,Hyderabad
2020 Honda SP 125,"₹ 72,000",4173 km,First,Ahmedabad
2015 Suzuki Gixxer SF (2015-2018),"₹ 50,000",30000 km,First,Delhi
2017 TVS Jupiter Classic,"₹ 36,000",40000 km,First,Ahmedabad
2020 Suzuki Intruder Fi SP,"₹ 1,00,000",30000 km,First,Pune
2020 Royal Enfield Classic 350 (2012-2021) Stealth Black BS6 2020,"₹ 1,75,000",5000 km,First,Mumbai
2014 TVS Apache RTR 160 Disc,"₹ 30,000",70000 km,Third,Mumbai
2016 Royal Enfield Himalayan Snow White,"₹ 96,700",100000 km,Second,Delhi
2023 Ola Electric S1 X,"₹ 80,000",5000 km,First,Hyderabad
2016 Suzuki Gixxer (2014-2018) Base,"₹ 40,000",30000 km,Second,Chennai
2018 Honda Livo,"₹ 45,000",35000 km,First,Delhi
2016 Honda CB Shine SP Disc Brake,"₹ 45,000",40000 km,First,Noida
2019 Yamaha FZS-FI V3 Dark Knight,"₹ 1,00,000",35000 km,First,Hyderabad
2020 Honda SP 125,"₹ 72,000",4173 km,First,Ahmedabad
2015 Suzuki Gixxer SF (2015-2018),"₹ 50,000",30000 km,First,Delhi
2017 TVS Jupiter Classic,"₹ 36,000",40000 km,First,Ahmedabad
2017 Hero Achiever Alloy,"₹ 45,000",40000 km,First,Davangere
2019 Honda Activa 5G,"₹ 60,000",30000 km,Second,Bangalore
2020 Royal Enfield Interceptor 650 Orange Crush,"₹ 2,75,000",3500 km,First,Gurgaon
2018 Hero Duet LX,"₹ 35,000",37000 km,First,Ballia
2021 Honda Dio Sports STD,"₹ 80,000",20000 km,First,Hubballi-Dharwad
2015 Hero Maestro 110cc,"₹ 20,000",25000 km,Second,Gurugram
2021 Royal Enfield Interceptor 650 Ravishing Red,"₹ 3,00,000",10000 km,First,Bangalore
2013 Royal Enfield Bullet 350 Electric Start BS4,"₹ 85,000",5000 km,Second,Patna
2022 Royal Enfield Bullet 350 X Electric Start,"₹ 1,99,000",5000 km,First,Nagpur
2015 Suzuki Gixxer SF (2015-2018),"₹ 40,000",35000 km,First,Chennai
2022 Yezdi Scrambler Single Tone,"₹ 1,85,000",8600 km,First,Mumbai
2016 Honda Livo,"₹ 35,000",35000 km,First,Ghaziabad
2017 Hero Achiever Alloy,"₹ 45,000",40000 km,First,Davangere
2019 Honda Activa 5G,"₹ 60,000",30000 km,Second,Bangalore
2020 Royal Enfield Interceptor 650 Orange Crush,"₹ 2,75,000",3500 km,First,Gurgaon
2018 Hero Duet LX,"₹ 35,000",37000 km,First,Ballia
2021 Honda Dio Sports STD,"₹ 80,000",20000 km,First,Hubballi-Dharwad
2015 Hero Maestro 110cc,"₹ 20,000",25000 km,Second,Gurugram
2021 Royal Enfield Interceptor 650 Ravishing Red,"₹ 3,00,000",10000 km,First,Bangalore
2013 Royal Enfield Bullet 350 Electric Start BS4,"₹ 85,000",5000 km,Second,Patna
2022 Royal Enfield Bullet 350 X Electric Start,"₹ 1,99,000",5000 km,First,Nagpur
2015 Suzuki Gixxer SF (2015-2018),"₹ 40,000",35000 km,First,Chennai
2022 Yezdi Scrambler Single Tone,"₹ 1,85,000",8600 km,First,Mumbai
2016 Honda Livo,"₹ 35,000",35000 km,First,Ghaziabad
2018 Vespa VXL 125 STD,"₹ 65,000",4650 km,First,Hyderabad
2016 Suzuki Gixxer SF (2015-2018),"₹ 50,000",36249 km,First,Meerut
2023 Yamaha R15 V4 Racing Blue,"₹ 1,87,000",11000 km,First,Sikar
2013 Hero Ignitor 125 Drum,"₹ 28,000",40000 km,First,Bangalore
2018 Benelli TNT 300 BS4 ABS BS4,"₹ 1,80,000",35000 km,Third,Kolkata
2018 TVS Apache RTR 160 4V Carburetor Dual Disc (2018),"₹ 80,000",30000 km,First,Delhi
2018 Hero HF Deluxe Self Start Alloy Wheel All Black,"₹ 48,000",35000 km,First,Barmer
2016 Honda Activa 3G STD,"₹ 40,000",5000 km,First,New Delhi
2010 Bajaj Pulsar 150(2009-2014) STD,"₹ 35,000",44700 km,First,Pune
2021 Jawa 42 2.1 Tawang Edition,"₹ 1,60,000",25000 km,First,Delhi
2015 Royal Enfield Classic 350 (2012-2021) STD BS3,"₹ 1,20,000",38000 km,First,Kolkata
2018 Honda CB Hornet 160R BS4 STD BS4,"₹ 65,000",60000 km,Second,Pune
2018 Vespa VXL 125 STD,"₹ 65,000",4650 km,First,Hyderabad
2016 Suzuki Gixxer SF (2015-2018),"₹ 50,000",36249 km,First,Meerut
2023 Yamaha R15 V4 Racing Blue,"₹ 1,87,000",11000 km,First,Sikar
2013 Hero Ignitor 125 Drum,"₹ 28,000",40000 km,First,Bangalore
2018 Benelli TNT 300 BS4 ABS BS4,"₹ 1,80,000",35000 km,Third,Kolkata
2018 TVS Apache RTR 160 4V Carburetor Dual Disc (2018),"₹ 80,000",30000 km,First,Delhi
2018 Hero HF Deluxe Self Start Alloy Wheel All Black,"₹ 48,000",35000 km,First,Barmer
2016 Honda Activa 3G STD,"₹ 40,000",5000 km,First,New Delhi
2010 Bajaj Pulsar 150(2009-2014) STD,"₹ 35,000",44700 km,First,Pune
2021 Jawa 42 2.1 Tawang Edition,"₹ 1,60,000",25000 km,First,Delhi
2015 Royal Enfield Classic 350 (2012-2021) STD BS3,"₹ 1,20,000",38000 km,First,Kolkata
2018 Honda CB Hornet 160R BS4 STD BS4,"₹ 65,000",60000 km,Second,Pune
2018 Royal Enfield Classic 350 (2012-2021) Redditch BS4,"₹ 1,15,000",17000 km,Second,Delhi
2010 Honda Activa,"₹ 22,000",20000 km,First,Mysore
2016 Honda CBR250R ABS,"₹ 1,00,000",20000 km,Second,Jamshedpur
2022 Revolt RV400,"₹ 1,10,000",1200 km,First,Pune
2017 Yamaha FZ-S (V 2.0) STD.,"₹ 60,000",12377 km,First,Gurgaon
2022 Okinawa iPraise+,"₹ 1,10,000",4500 km,First,Thane
2019 Royal Enfield Himalayan BS4 ABS,"₹ 1,70,000",13000 km,First,Ghaziabad
2019 Bajaj Dominar 400 BS4,"₹ 1,50,000",17800 km,First,Kanpur
2013 Bajaj Pulsar NS200 STD BS4,"₹ 40,000",30000 km,Second,Aligarh
2021 Bajaj Pulsar 125 Carbon Fiber Split Seat,"₹ 60,000",10000 km,First,Giridih
2014 Bajaj Pulsar 220 F,"₹ 35,000",70000 km,First,Mumbai
2019 Royal Enfield Interceptor 650 Orange Crush,"₹ 2,50,000",12300 km,First,Bangalore
2018 Royal Enfield Classic 350 (2012-2021) Redditch BS4,"₹ 1,15,000",17000 km,Second,Delhi
2010 Honda Activa,"₹ 22,000",20000 km,First,Mysore
2016 Honda CBR250R ABS,"₹ 1,00,000",20000 km,Second,Jamshedpur
2022 Revolt RV400,"₹ 1,10,000",1200 km,First,Pune
2017 Yamaha FZ-S (V 2.0) STD.,"₹ 60,000",12377 km,First,Gurgaon
2022 Okinawa iPraise+,"₹ 1,10,000",4500 km,First,Thane
2019 Royal Enfield Himalayan BS4 ABS,"₹ 1,70,000",13000 km,First,Ghaziabad
2019 Bajaj Dominar 400 BS4,"₹ 1,50,000",17800 km,First,Kanpur
2013 Bajaj Pulsar NS200 STD BS4,"₹ 40,000",30000 km,Second,Aligarh
2021 Bajaj Pulsar 125 Carbon Fiber Split Seat,"₹ 60,000",10000 km,First,Giridih
2014 Bajaj Pulsar 220 F,"₹ 35,000",70000 km,First,Mumbai
2019 Royal Enfield Interceptor 650 Orange Crush,"₹ 2,50,000",12300 km,First,Bangalore
2011 Hero Pleasure Sheet Metal Wheel,"₹ 25,000",20000 km,First,Delhi
2023 KTM 250 Duke STD,"₹ 2,50,000",4700 km,First,Mumbai
2020 Yamaha Fascino 125 Hybrid Disc,"₹ 65,000",40000 km,First,Bangalore
2019 TVS Apache RTR 160 4V Dual Disc ABS (BS4),"₹ 72,000",30000 km,First,Gurgaon
2020 Honda Dio Sports DLX,"₹ 50,000",16091 km,First,Mumbai
2021 Husqvarna Motorcycles Vitpilen 250,"₹ 1,60,000",15000 km,First,Mumbai
2019 Vespa SXL 150,"₹ 80,000",5000 km,First,Noida
2013 Suzuki Access 125 Drum Alloy Bluetooth,"₹ 30,000",20000 km,Second,Ahmadnagar
2019 KTM Duke 390 2017 Edition1,"₹ 1,60,000",21500 km,Above,Mumbai
2019 Bajaj Dominar 400 BS4,"₹ 1,50,000",20000 km,Second,Mumbai
2010 TVS Apache RTR 180,"₹ 18,000",80000 km,Third,Mumbai
2016 Honda CBR 150 R,"₹ 70,000",40000 km,First,Nagpur
2011 Hero Pleasure Sheet Metal Wheel,"₹ 25,000",20000 km,First,Delhi
2023 KTM 250 Duke STD,"₹ 2,50,000",4700 km,First,Mumbai
2020 Yamaha Fascino 125 Hybrid Disc,"₹ 65,000",40000 km,First,Bangalore
2019 TVS Apache RTR 160 4V Dual Disc ABS (BS4),"₹ 72,000",30000 km,First,Gurgaon
2020 Honda Dio Sports DLX,"₹ 50,000",16091 km,First,Mumbai
2021 Husqvarna Motorcycles Vitpilen 250,"₹ 1,60,000",15000 km,First,Mumbai
2019 Vespa SXL 150,"₹ 80,000",5000 km,First,Noida
2013 Suzuki Access 125 Drum Alloy Bluetooth,"₹ 30,000",20000 km,Second,Ahmadnagar
2019 KTM Duke 390 2017 Edition1,"₹ 1,60,000",21500 km,Above,Mumbai
2019 Bajaj Dominar 400 BS4,"₹ 1,50,000",20000 km,Second,Mumbai
2010 TVS Apache RTR 180,"₹ 18,000",80000 km,Third,Mumbai
2016 Honda CBR 150 R,"₹ 70,000",40000 km,First,Nagpur
